,Unnamed: 0.1,Unnamed: 0,index,Datetime,Longitude,Latitude,SPEED,delta_time,position1,position2,road_one,road_two,road_two_type,road_one_type
231402,231402,231402,0,2022-12-13 17:04:35,117.33908405595524,39.0744063958576,0.0,1.0,1.0,1.0,丽新路,丽新路,tertiary,tertiary
231403,231403,231403,1,2022-12-13 17:04:36,117.33908405595524,39.0744063958576,0.0,1.0,1.0,1.0,丽新路,丽新路,tertiary,tertiary
231404,231404,231404,2,2022-12-13 17:04:37,117.33908405595524,39.0744063958576,0.0,1.0,1.0,1.0,丽新路,丽新路,tertiary,tertiary
231405,231405,231405,3,2022-12-13 17:04:38,117.33907648132583,39.074398818774405,0.0,1.0,1.0,1.0,丽新路,丽新路,tertiary,tertiary
231406,231406,231406,4,2022-12-13 17:04:39,117.33907648078946,39.0744026141997,0.0,1.0,1.0,1.0,丽新路,丽新路,tertiary,tertiary
231407,231407,231407,5,2022-12-13 17:04:40,117.33908405595524,39.0744063958576,0.0,1.0,1.0,1.0,丽新路,丽新路,tertiary,tertiary
231408,231408,231408,6,2022-12-13 17:04:41,117.33909163112232,39.07441017751552,0.0,1.0,1.0,1.0,丽新路,丽新路,tertiary,tertiary
231409,231409,231409,7,2022-12-13 17:04:42,117.33910705309415,39.07441014948936,0.0,1.0,1.0,1.0,丽新路,丽新路,tertiary,tertiary
231410,231410,231410,8,2022-12-13 17:04:43,117.33910705255768,39.07441394491456,0.0,1.0,1.0,1.0,丽新路,丽新路,tertiary,tertiary
231411,231411,231411,9,2022-12-13 17:04:44,117.33910705255768,39.07441394491456,0.0,1.0,1.0,1.0,丽新路,丽新路,tertiary,tertiary
231412,231412,231412,10,2022-12-13 17:04:45,117.33910705255768,39.07441394491456,0.0,1.0,1.0,1.0,丽新路,丽新路,tertiary,tertiary
231413,231413,231413,11,2022-12-13 17:04:46,117.33909947631508,39.074417754107,0.0,1.0,1.0,1.0,丽新路,丽新路,tertiary,tertiary
231414,231414,231414,12,2022-12-13 17:04:47,117.33909947631508,39.074417754107,0.0,1.0,1.0,1.0,丽新路,丽新路,tertiary,tertiary
231415,231415,231415,13,2022-12-13 17:04:48,117.33909947631508,39.074417754107,0.0,1.0,1.0,1.0,丽新路,丽新路,tertiary,tertiary
231416,231416,231416,14,2022-12-13 17:04:49,117.33909947631508,39.074417754107,0.0,1.0,1.0,1.0,丽新路,丽新路,tertiary,tertiary
231417,231417,231417,15,2022-12-13 17:04:50,117.33909947631508,39.074417754107,0.0,1.0,1.0,1.0,丽新路,丽新路,tertiary,tertiary
231418,231418,231418,16,2022-12-13 17:04:51,117.33909947631508,39.074417754107,0.0,1.0,1.0,1.0,丽新路,丽新路,tertiary,tertiary
231419,231419,231419,17,2022-12-13 17:04:52,117.33909947631508,39.074417754107,0.0,1.0,1.0,1.0,丽新路,丽新路,tertiary,tertiary
231420,231420,231420,18,2022-12-13 17:04:53,117.33909947631508,39.074417754107,0.0,1.0,1.0,1.0,丽新路,丽新路,tertiary,tertiary
231421,231421,231421,19,2022-12-13 17:04:54,117.33909947631508,39.074417754107,0.0,1.0,1.0,1.0,丽新路,丽新路,tertiary,tertiary
231422,231422,231422,20,2022-12-13 17:04:55,117.33909947631508,39.074417754107,0.0,1.0,1.0,1.0,丽新路,丽新路,tertiary,tertiary
231423,231423,231423,21,2022-12-13 17:04:56,117.33909947631508,39.074417754107,0.0,1.0,1.0,1.0,丽新路,丽新路,tertiary,tertiary
231424,231424,231424,22,2022-12-13 17:04:57,117.33909947631508,39.074417754107,0.0,1.0,1.0,1.0,丽新路,丽新路,tertiary,tertiary
231425,231425,231425,23,2022-12-13 17:04:58,117.33909947631508,39.074417754107,0.0,1.0,1.0,1.0,丽新路,丽新路,tertiary,tertiary
231426,231426,231426,24,2022-12-13 17:04:59,117.33909947631508,39.074417754107,0.0,1.0,1.0,1.0,丽新路,丽新路,tertiary,tertiary
231427,231427,231427,25,2022-12-13 17:05:00,117.33909947631508,39.074417754107,0.0,1.0,1.0,1.0,丽新路,丽新路,tertiary,tertiary
231428,231428,231428,26,2022-12-13 17:05:01,117.33909947631508,39.074417754107,0.0,1.0,1.0,1.0,丽新路,丽新路,tertiary,tertiary
231429,231429,231429,27,2022-12-13 17:05:02,117.33909947631508,39.074417754107,0.0,1.0,1.0,1.0,丽新路,丽新路,tertiary,tertiary
231430,231430,231430,28,2022-12-13 17:05:03,117.33909947631508,39.074417754107,0.0,1.0,1.0,1.0,丽新路,丽新路,tertiary,tertiary
231431,231431,231431,29,2022-12-13 17:05:04,117.33909947631508,39.074417754107,0.0,1.0,1.0,1.0,丽新路,丽新路,tertiary,tertiary
231432,231432,231432,30,2022-12-13 17:05:05,117.33909947631508,39.074417754107,0.0,1.0,1.0,1.0,丽新路,丽新路,tertiary,tertiary
231433,231433,231433,31,2022-12-13 17:05:06,117.33909947631508,39.074417754107,0.0,1.0,1.0,1.0,丽新路,丽新路,tertiary,tertiary
231434,231434,231434,32,2022-12-13 17:05:07,117.33909947631508,39.074417754107,0.0,1.0,1.0,1.0,丽新路,丽新路,tertiary,tertiary
231435,231435,231435,33,2022-12-13 17:05:08,117.33909947631508,39.074417754107,0.0,1.0,1.0,1.0,丽新路,丽新路,tertiary,tertiary
231436,231436,231436,34,2022-12-13 17:05:09,117.3390916300494,39.074417768366,0.0,1.0,1.0,1.0,丽新路,丽新路,tertiary,tertiary
231437,231437,231437,35,2022-12-13 17:05:10,117.33909947631508,39.074417754107,0.0,1.0,1.0,1.0,丽新路,丽新路,tertiary,tertiary
231438,231438,231438,36,2022-12-13 17:05:11,117.33909947631508,39.074417754107,0.0,1.0,1.0,1.0,丽新路,丽新路,tertiary,tertiary
231439,231439,231439,37,2022-12-13 17:05:12,117.3390916300494,39.074417768366,0.0,1.0,1.0,1.0,丽新路,丽新路,tertiary,tertiary
231440,231440,231440,38,2022-12-13 17:05:13,117.3390916300494,39.074417768366,0.0,1.0,1.0,1.0,丽新路,丽新路,tertiary,tertiary
231441,231441,231441,39,2022-12-13 17:05:14,117.33908405434592,39.07441778213338,0.93599993,1.0,1.0,1.0,丽新路,丽新路,tertiary,tertiary
231442,231442,231442,40,2022-12-13 17:05:15,117.3390689029429,39.07441780966835,2.16,1.0,1.0,1.0,丽新路,丽新路,tertiary,tertiary
231443,231443,231443,41,2022-12-13 17:05:16,117.33906132670693,39.07442161886126,2.376,1.0,1.0,1.0,丽新路,丽新路,tertiary,tertiary
231444,231444,231444,42,2022-12-13 17:05:17,117.33905375154508,39.074417837203605,2.8799999,1.0,1.0,1.0,丽新路,丽新路,tertiary,tertiary
231445,231445,231445,43,2022-12-13 17:05:18,117.33903832905555,39.07442166065618,3.024,1.0,1.0,1.0,丽新路,丽新路,tertiary,tertiary
231446,231446,231446,44,2022-12-13 17:05:19,117.33903832959194,39.07441786523082,2.8799999,1.0,1.0,1.0,丽新路,丽新路,tertiary,tertiary
231447,231447,231447,45,2022-12-13 17:05:20,117.33903048387351,39.07441408406503,2.2319999,1.0,1.0,1.0,丽新路,丽新路,tertiary,tertiary
231448,231448,231448,46,2022-12-13 17:05:21,117.33902290818055,39.07441409783295,0.828,1.0,1.0,1.0,丽新路,丽新路,tertiary,tertiary
231449,231449,231449,47,2022-12-13 17:05:22,117.33902290818055,39.07441409783295,0.0,1.0,1.0,1.0,丽新路,丽新路,tertiary,tertiary
231450,231450,231450,48,2022-12-13 17:05:23,117.3390229076442,39.074417893258335,0.0,1.0,1.0,1.0,丽新路,丽新路,tertiary,tertiary
231451,231451,231451,49,2022-12-13 17:05:24,117.33903048280078,39.074421674915776,1.8719999,1.0,1.0,1.0,丽新路,丽新路,tertiary,tertiary
231452,231452,231452,50,2022-12-13 17:05:25,117.33903832798278,39.07442925150686,3.168,1.0,1.0,1.0,丽新路,丽新路,tertiary,tertiary
231453,231453,231453,51,2022-12-13 17:05:26,117.3390383263736,39.07444063778284,5.292,1.0,1.0,1.0,丽新路,丽新路,tertiary,tertiary
231454,231454,231454,52,2022-12-13 17:05:27,117.33903832311682,39.07446368143642,7.884,1.0,1.0,1.0,丽新路,丽新路,tertiary,tertiary
231455,231455,231455,53,2022-12-13 17:05:28,117.339007747642,39.07447891870218,11.051999,1.0,1.0,1.0,丽新路,丽新路,tertiary,tertiary
231456,231456,231456,54,2022-12-13 17:05:29,117.33896959650504,39.074494169738266,11.5199995,1.0,1.0,1.0,丽新路,丽新路,tertiary,tertiary
231457,231457,231457,55,2022-12-13 17:05:30,117.33893902322367,39.074494225305685,9.0,1.0,1.0,1.0,丽新路,丽新路,tertiary,tertiary
231458,231458,231458,56,2022-12-13 17:05:31,117.33892387405427,39.07447880004009,8.136,1.0,1.0,1.0,丽新路,丽新路,tertiary,tertiary
231459,231459,231459,57,2022-12-13 17:05:32,117.33891629891602,39.07447501838367,5.652,1.0,1.0,1.0,丽新路,丽新路,tertiary,tertiary
231460,231460,231460,58,2022-12-13 17:05:33,117.33888572674368,39.07446748310126,8.64,1.0,1.0,1.0,丽新路,丽新路,tertiary,tertiary
231461,231461,231461,59,2022-12-13 17:05:34,117.33884730515298,39.07448273463511,10.728,1.0,1.0,1.0,丽新路,丽新路,tertiary,tertiary
231462,231462,231462,60,2022-12-13 17:05:35,117.3388018474508,39.07450938523489,17.603998,1.0,1.0,1.0,丽新路,丽新路,tertiary,tertiary
231463,231463,231463,61,2022-12-13 17:05:36,117.33874069631574,39.074543655214526,22.752,1.0,1.0,1.0,丽新路,丽新路,tertiary,tertiary
231464,231464,231464,62,2022-12-13 17:05:37,117.33867981636013,39.07457412928188,24.515999,1.0,1.0,1.0,丽新路,丽新路,tertiary,tertiary
231465,231465,231465,63,2022-12-13 17:05:38,117.33861109084404,39.07460082219205,22.175999,1.0,1.0,1.0,丽新路,丽新路,tertiary,tertiary
231466,231466,231466,64,2022-12-13 17:05:39,117.33855778828648,39.074619896219104,18.828,1.0,1.0,1.0,丽新路,丽新路,tertiary,tertiary
231467,231467,231467,65,2022-12-13 17:05:40,117.33851179351886,39.07461997983763,15.516,1.0,1.0,1.0,丽新路,丽新路,tertiary,tertiary
231468,231468,231468,66,2022-12-13 17:05:41,117.33847364548888,39.07461625376671,13.931999,1.0,1.0,1.0,丽新路,丽新路,tertiary,tertiary
231469,231469,231469,67,2022-12-13 17:05:42,117.3384354986007,39.07460466574189,12.959999,1.0,1.0,1.0,丽新路,丽新路,tertiary,tertiary
231470,231470,231470,68,2022-12-13 17:05:43,117.33841250448717,39.07458193499371,12.096,1.0,1.0,1.0,丽新路,丽新路,tertiary,tertiary
231471,231471,231471,69,2022-12-13 17:05:44,117.33840493322263,39.07455131425211,14.436001,1.0,1.0,1.0,丽新路,丽新路,tertiary,tertiary
231472,231472,231472,70,2022-12-13 17:05:45,117.3383973635656,39.07450930722968,17.928,1.0,1.0,1.0,丽新路,丽新路,tertiary,tertiary
231473,231473,231473,71,2022-12-13 17:05:46,117.33838979494186,39.07445998045417,19.152,1.0,1.0,1.0,丽新路,丽新路,tertiary,tertiary
231474,231474,231474,72,2022-12-13 17:05:47,117.3383898008703,39.07441795965663,17.712,1.0,1.0,1.0,丽新路,丽新路,tertiary,tertiary
231475,231475,231475,73,2022-12-13 17:05:48,117.33838223018113,39.07438327238232,15.012,1.0,1.0,1.0,丽新路,丽新路,tertiary,tertiary
231476,231476,231476,74,2022-12-13 17:05:49,117.33837465888088,39.07435292273804,12.924,1.0,1.0,1.0,丽新路,丽新路,tertiary,tertiary
231477,231477,231477,75,2022-12-13 17:05:50,117.33836708708436,39.07432609741821,11.736,1.0,1.0,1.0,丽新路,丽新路,tertiary,tertiary
231478,231478,231478,76,2022-12-13 17:05:51,117.33835897360238,39.07430333961069,10.584,1.0,1.0,1.0,丽新路,丽新路,tertiary,tertiary
231479,231479,231479,77,2022-12-13 17:05:52,117.33835140123436,39.07428058081899,9.792,1.0,1.0,1.0,丽新路,丽新路,tertiary,tertiary
231480,231480,231480,78,2022-12-13 17:05:53,117.33834382837036,39.07426134635224,9.287999,1.0,1.0,1.0,丽新路,丽新路,tertiary,tertiary
231481,231481,231481,79,2022-12-13 17:05:54,117.33832110431835,39.07424241053053,10.188,1.0,1.0,1.0,丽新路,丽新路,tertiary,tertiary
231482,231482,231482,80,2022-12-13 17:05:55,117.33828295701603,39.07423461792458,11.556,1.0,1.0,1.0,丽新路,丽新路,tertiary,tertiary
231483,231483,231483,81,2022-12-13 17:05:56,117.338229386961,39.07423471531232,14.471999,1.0,1.0,1.0,丽新路,丽新路,tertiary,tertiary
231484,231484,231484,82,2022-12-13 17:05:57,117.33816850983494,39.0742500076933,20.16,1.0,1.0,1.0,丽新路,丽新路,tertiary,tertiary
231485,231485,231485,83,2022-12-13 17:05:58,117.33809221009103,39.0742729189703,25.236,1.0,1.0,1.0,丽新路,丽新路,tertiary,tertiary
231486,231486,231486,84,2022-12-13 17:05:59,117.33800075889584,39.07429965322609,29.088,1.0,1.0,1.0,丽新路,丽新路,tertiary,tertiary
231487,231487,231487,85,2022-12-13 17:06:00,117.3379090368334,39.07432991230566,31.607998,1.0,1.0,1.0,丽新路,丽新路,tertiary,tertiary
231488,231488,231488,86,2022-12-13 17:06:01,117.33780973835704,39.07436804712338,34.955997,1.0,1.0,1.0,丽新路,丽新路,tertiary,tertiary
231489,231489,231489,87,2022-12-13 17:06:02,117.3376955596654,39.07440648010581,37.836,1.0,1.0,1.0,丽新路,丽新路,tertiary,tertiary
231490,231490,231490,88,2022-12-13 17:06:03,117.33758111077998,39.07444437138256,38.663998,1.0,1.0,1.0,丽新路,丽新路,tertiary,tertiary
231491,231491,231491,89,2022-12-13 17:06:04,117.337466661604,39.07448632919572,39.204,1.0,1.0,1.0,丽新路,丽新路,tertiary,tertiary
231492,231492,231492,90,2022-12-13 17:06:05,117.33735194211982,39.074528558607724,39.6,1.0,1.0,1.0,丽新路,丽新路,tertiary,tertiary
231493,231493,231493,91,2022-12-13 17:06:06,117.33722991814578,39.07457025910236,40.104,1.0,1.0,1.0,丽新路,丽新路,tertiary,tertiary
231494,231494,231494,92,2022-12-13 17:06:07,117.3371154692922,39.07461601235637,41.724,1.0,1.0,1.0,丽新路,丽新路,tertiary,tertiary
231495,231495,231495,93,2022-12-13 17:06:08,117.33699344535609,39.0746617793875,43.595997,1.0,1.0,1.0,丽新路,丽新路,tertiary,tertiary
231496,231496,231496,94,2022-12-13 17:06:09,117.33686384582217,39.07471162672645,44.568,1.0,1.0,1.0,丽新路,丽新路,tertiary,tertiary
231497,231497,231497,95,2022-12-13 17:06:10,117.33672640191652,39.074753355267504,44.46,1.0,1.0,1.0,丽新路,丽新路,tertiary,tertiary
231498,231498,231498,96,2022-12-13 17:06:11,117.33659680367184,39.07479913607187,43.92,1.0,1.0,1.0,先锋路,丽新路,tertiary,primary
231499,231499,231499,97,2022-12-13 17:06:12,117.3364747805166,39.074848698529536,43.199997,1.0,1.0,1.0,先锋路,先锋路,primary,primary
231500,231500,231500,98,2022-12-13 17:06:13,117.33635248818617,39.07489067061472,42.767998,1.0,1.0,1.0,先锋路,先锋路,primary,primary
231501,231501,231501,99,2022-12-13 17:06:14,117.33623046670353,39.07493264220305,43.092,1.0,1.0,1.0,先锋路,先锋路,primary,primary
231502,231502,231502,100,2022-12-13 17:06:15,117.3360930240042,39.07497843725375,44.244,1.0,1.0,1.0,先锋路,先锋路,primary,primary
231503,231503,231503,101,2022-12-13 17:06:16,117.33597100156204,39.07503179512202,45.107998,1.0,1.0,1.0,先锋路,先锋路,primary,primary
231504,231504,231504,102,2022-12-13 17:06:17,117.3358335595751,39.07507759015555,46.224,1.0,1.0,1.0,先锋路,先锋路,primary,primary
231505,231505,231505,103,2022-12-13 17:06:18,117.3356963874397,39.07513097554909,46.98,1.0,1.0,1.0,先锋路,先锋路,primary,primary
231506,231506,231506,104,2022-12-13 17:06:19,117.33555921620533,39.07518056549926,47.699997,1.0,1.0,1.0,先锋路,先锋路,primary,primary
231507,231507,231507,105,2022-12-13 17:06:20,117.33541392913816,39.075230170188654,48.312,1.0,1.0,1.0,先锋路,先锋路,primary,primary
231508,231508,231508,106,2022-12-13 17:06:21,117.33527675812492,39.07528355554248,48.816,1.0,1.0,1.0,先锋路,先锋路,primary,primary
231509,231509,231509,107,2022-12-13 17:06:22,117.33513174238624,39.075333159707554,49.427998,1.0,1.0,1.0,先锋路,先锋路,primary,primary
231510,231510,231510,108,2022-12-13 17:06:23,117.33498672598694,39.075390354718856,49.895996,1.0,1.0,1.0,先锋路,先锋路,primary,primary
231511,231511,231511,109,2022-12-13 17:06:24,117.3348341360085,39.0754399726103,50.544,1.0,1.0,1.0,先锋路,先锋路,primary,primary
231512,231512,231512,110,2022-12-13 17:06:25,117.33468912095051,39.07549337214792,50.94,1.0,1.0,1.0,先锋路,先锋路,primary,primary
231513,231513,231513,111,2022-12-13 17:06:26,117.33453653132534,39.07554651432343,51.011997,1.0,1.0,1.0,先锋路,先锋路,primary,primary
231514,231514,231514,112,2022-12-13 17:06:27,117.33439151706445,39.07559991381542,50.616,1.0,1.0,1.0,先锋路,先锋路,primary,primary
231515,231515,231515,113,2022-12-13 17:06:28,117.33423892823224,39.075653327042914,50.004,1.0,1.0,1.0,先锋路,先锋路,primary,primary
231516,231516,231516,114,2022-12-13 17:06:29,117.33410175965648,39.07571077877228,49.463997,1.0,1.0,1.0,先锋路,先锋路,primary,primary
231517,231517,231517,115,2022-12-13 17:06:30,117.33394890161486,39.0757603970049,49.392,1.0,1.0,1.0,先锋路,先锋路,primary,primary
231518,231518,231518,116,2022-12-13 17:06:31,117.33381173431484,39.07581378214992,49.104,1.0,1.0,1.0,先锋路,先锋路,primary,primary
231519,231519,231519,117,2022-12-13 17:06:32,117.33367456787364,39.07586337183717,47.988,1.0,1.0,1.0,先锋路,先锋路,primary,primary
231520,231520,231520,118,2022-12-13 17:06:33,117.33353686073627,39.07591269137959,46.295998,1.0,1.0,1.0,先锋路,先锋路,primary,primary
231521,231521,231521,119,2022-12-13 17:06:34,117.33340727031988,39.07595847183225,45.288,1.0,1.0,1.0,先锋路,先锋路,primary,primary
231522,231522,231522,120,2022-12-13 17:06:35,117.33327767962636,39.07600831879881,44.316,1.0,1.0,1.0,先锋路,先锋路,primary,primary
231523,231523,231523,121,2022-12-13 17:06:36,117.33316323993392,39.0760502762756,42.587997,1.0,1.0,1.0,先锋路,先锋路,primary,primary
231524,231524,231524,122,2022-12-13 17:06:37,117.33305664582784,39.07609194839423,38.267998,1.0,1.0,1.0,先锋路,先锋路,primary,primary
231525,231525,231525,123,2022-12-13 17:06:38,117.33295735714805,39.07612655857797,34.668,1.0,1.0,1.0,先锋路,先锋路,primary,primary
231526,231526,231526,124,2022-12-13 17:06:39,117.33286564400863,39.07615681736352,29.987999,1.0,1.0,1.0,先锋路,先锋路,primary,primary
231527,231527,231527,125,2022-12-13 17:06:40,117.33279692628548,39.07618378118615,23.616,1.0,1.0,1.0,先锋路,先锋路,primary,primary
231528,231528,231528,126,2022-12-13 17:06:41,117.33275147510348,39.07620256971723,18.72,1.0,1.0,1.0,先锋路,先锋路,primary,primary
231529,231529,231529,127,2022-12-13 17:06:42,117.33269790810743,39.07622164407171,16.487999,1.0,1.0,1.0,先锋路,先锋路,primary,primary
231530,231530,231530,128,2022-12-13 17:06:43,117.3326521863973,39.076240975292045,15.587999,1.0,1.0,1.0,先锋路,先锋路,primary,primary
231531,231531,231531,129,2022-12-13 17:06:44,117.33260619426966,39.0762597647951,17.1,1.0,1.0,1.0,先锋路,先锋路,primary,primary
231532,231532,231532,130,2022-12-13 17:06:45,117.33255289740136,39.0762826340826,19.404,1.0,1.0,1.0,先锋路,先锋路,primary,primary
231533,231533,231533,131,2022-12-13 17:06:46,117.33249175528402,39.07630578869908,22.14,1.0,1.0,1.0,先锋路,先锋路,primary,primary
231534,231534,231534,132,2022-12-13 17:06:47,117.33242303857848,39.07632841484401,22.355999,1.0,1.0,1.0,先锋路,先锋路,primary,primary
231535,231535,231535,133,2022-12-13 17:06:48,117.3323621676384,39.07634777352271,20.880001,1.0,1.0,1.0,先锋路,先锋路,primary,primary
231536,231536,231536,134,2022-12-13 17:06:49,117.3322934515612,39.07636687532128,22.103998,1.0,1.0,1.0,先锋路,先锋路,primary,primary
231537,231537,231537,135,2022-12-13 17:06:50,117.33222473507134,39.07638950144553,23.436,1.0,1.0,1.0,先锋路,先锋路,primary,primary
231538,231538,231538,136,2022-12-13 17:06:51,117.33215628910536,39.07641266927708,23.543999,1.0,1.0,1.0,先锋路,先锋路,primary,primary
231539,231539,231539,137,2022-12-13 17:06:52,117.33207999703214,39.076442899993054,26.387999,1.0,1.0,1.0,先锋路,先锋路,primary,primary
231540,231540,231540,138,2022-12-13 17:06:53,117.33200343445084,39.0764736733959,26.244,1.0,1.0,1.0,先锋路,先锋路,primary,primary
231541,231541,231541,139,2022-12-13 17:06:54,117.33191956841809,39.07650012239154,26.855999,1.0,1.0,1.0,先锋路,先锋路,primary,primary
231542,231542,231542,140,2022-12-13 17:06:55,117.33184327815708,39.07651923787536,23.831999,1.0,1.0,1.0,先锋路,先锋路,primary,primary
231543,231543,231543,141,2022-12-13 17:06:56,117.33176698641468,39.07654973965773,28.043999,1.0,1.0,1.0,先锋路,先锋路,primary,primary
231544,231544,231544,142,2022-12-13 17:06:57,117.33168312012324,39.076580255161375,29.844,1.0,1.0,1.0,先锋路,先锋路,primary,primary
231545,231545,231545,143,2022-12-13 17:06:58,117.3315992549832,39.07660317978217,30.095999,1.0,1.0,1.0,先锋路,先锋路,primary,primary
231546,231546,231546,144,2022-12-13 17:06:59,117.33150754323998,39.076637504918565,28.8,1.0,1.0,1.0,先锋路,先锋路,primary,primary
231547,231547,231547,145,2022-12-13 17:07:00,117.331416103188,39.07666423867946,27.144,1.0,1.0,1.0,先锋路,先锋路,primary,primary
231548,231548,231548,146,2022-12-13 17:07:01,117.33133196632848,39.07669827896205,30.060001,1.0,1.0,1.0,先锋路,先锋路,primary,primary
231549,231549,231549,147,2022-12-13 17:07:02,117.33124810158492,39.07672147463987,28.907999,1.0,1.0,1.0,先锋路,先锋路,primary,primary
231550,231550,231550,148,2022-12-13 17:07:03,117.33115639139504,39.076747937751705,31.139997,1.0,1.0,1.0,先锋路,先锋路,primary,primary
231551,231551,231551,149,2022-12-13 17:07:04,117.3310727963407,39.0767787237897,30.960001,1.0,1.0,1.0,先锋路,先锋路,primary,primary
231552,231552,231552,150,2022-12-13 17:07:05,117.33098135533749,39.07681657269675,32.399998,1.0,1.0,1.0,先锋路,先锋路,primary,primary
231553,231553,231553,151,2022-12-13 17:07:06,117.33086691968886,39.07685880088399,36.719997,1.0,1.0,1.0,先锋路,先锋路,primary,primary
231554,231554,231554,152,2022-12-13 17:07:07,117.33075221322213,39.07690455387583,38.663998,1.0,1.0,1.0,先锋路,先锋路,primary,primary
231555,231555,231555,153,2022-12-13 17:07:08,117.33063020401076,39.07694245809935,37.98,1.0,1.0,1.0,先锋路,先锋路,primary,primary
231556,231556,231556,154,2022-12-13 17:07:09,117.33051576999824,39.07697682425038,38.7,1.0,1.0,1.0,先锋路,先锋路,primary,primary
231557,231557,231557,155,2022-12-13 17:07:10,117.33039376006654,39.07702286151039,38.7,1.0,1.0,1.0,先锋路,先锋路,primary,primary
231558,231558,231558,156,2022-12-13 17:07:11,117.33028689990704,39.07706453368004,39.06,1.0,1.0,1.0,先锋路,先锋路,primary,primary
231559,231559,231559,157,2022-12-13 17:07:12,117.33017246486553,39.077110286085365,39.527996,1.0,1.0,1.0,先锋路,先锋路,primary,primary
231560,231560,231560,158,2022-12-13 17:07:13,117.3300577599993,39.07715224352462,38.7,1.0,1.0,1.0,先锋路,先锋路,primary,primary
231561,231561,231561,159,2022-12-13 17:07:14,117.32994359526394,39.07720206194357,37.98,1.0,1.0,1.0,先锋路,先锋路,primary,primary
231562,231562,231562,160,2022-12-13 17:07:15,117.32983673677349,39.07723614317093,36.18,1.0,1.0,1.0,先锋路,先锋路,primary,primary
231563,231563,231563,161,2022-12-13 17:07:16,117.32972987787343,39.07727429092266,33.083996,1.0,1.0,1.0,先锋路,先锋路,primary,primary
231564,231564,231564,162,2022-12-13 17:07:17,117.32963844003837,39.07730102444445,32.544,1.0,1.0,1.0,先锋路,先锋路,primary,primary
231565,231565,231565,163,2022-12-13 17:07:18,117.3295391568561,39.077331567587095,32.436,1.0,1.0,1.0,先锋路,先锋路,primary,primary
231566,231566,231566,164,2022-12-13 17:07:19,117.32943987327828,39.0773659061543,33.336,1.0,1.0,1.0,先锋路,先锋路,primary,primary
231567,231567,231567,165,2022-12-13 17:07:20,117.3293484331868,39.07741161682949,36.828,1.0,1.0,1.0,先锋路,先锋路,primary,primary
231568,231568,231568,166,2022-12-13 17:07:21,117.3292415744162,39.077453559950165,36.324,1.0,1.0,1.0,先锋路,先锋路,primary,primary
231569,231569,231569,167,2022-12-13 17:07:22,117.32914228964978,39.07749928479331,35.424,1.0,1.0,1.0,先锋路,先锋路,primary,primary
231570,231570,231570,168,2022-12-13 17:07:23,117.32903570268796,39.07753363652158,34.019997,1.0,1.0,1.0,先锋路,先锋路,primary,primary
231571,231571,231571,169,2022-12-13 17:07:24,117.32895156788943,39.07757201416828,33.912,1.0,1.0,1.0,先锋路,先锋路,primary,primary
231572,231572,231572,170,2022-12-13 17:07:25,117.32885255504384,39.07760987650891,31.572,1.0,1.0,1.0,先锋路,先锋路,primary,primary
231573,231573,231573,171,2022-12-13 17:07:26,117.32876084559692,39.077651792170535,29.951998,1.0,1.0,1.0,先锋路,先锋路,primary,primary
231574,231574,231574,172,2022-12-13 17:07:27,117.32869997567448,39.07768606118055,26.387999,1.0,1.0,1.0,先锋路,先锋路,primary,primary
231575,231575,231575,173,2022-12-13 17:07:28,117.3286312614211,39.07771682003676,24.336,1.0,1.0,1.0,先锋路,先锋路,primary,primary
231576,231576,231576,174,2022-12-13 17:07:29,117.32857012214238,39.077743227548375,22.571999,1.0,1.0,1.0,先锋路,先锋路,primary,primary
231577,231577,231577,175,2022-12-13 17:07:30,117.32850925646392,39.07774713304065,21.708,1.0,1.0,1.0,先锋路,先锋路,primary,primary
231578,231578,231578,176,2022-12-13 17:07:31,117.32845569203236,39.07777027361645,18.684,1.0,1.0,1.0,先锋路,先锋路,primary,primary
231579,231579,231579,177,2022-12-13 17:07:32,117.32839455441278,39.0777852948017,18.684,1.0,1.0,1.0,先锋路,先锋路,primary,primary
231580,231580,231580,178,2022-12-13 17:07:33,117.32836425559762,39.07779673589331,11.808,1.0,1.0,1.0,先锋路,先锋路,primary,primary
231581,231581,231581,179,2022-12-13 17:07:34,117.32834126059647,39.07780816377919,10.404,1.0,1.0,1.0,先锋路,先锋路,primary,primary
231582,231582,231582,180,2022-12-13 17:07:35,117.3283261103899,39.07781984858438,7.5599995,1.0,1.0,1.0,先锋路,先锋路,primary,primary
231583,231583,231583,181,2022-12-13 17:07:36,117.32830338693614,39.07782368510377,3.2039998,1.0,1.0,1.0,先锋路,先锋路,primary,primary
231584,231584,231584,182,2022-12-13 17:07:37,117.3283109622755,39.07781608053359,0.0,1.0,1.0,1.0,先锋路,先锋路,primary,primary
231585,231585,231585,183,2022-12-13 17:07:38,117.3283109622755,39.07781608053359,0.0,1.0,1.0,1.0,先锋路,先锋路,primary,primary
231586,231586,231586,184,2022-12-13 17:07:39,117.32830338796256,39.07781609422722,0.0,1.0,1.0,1.0,先锋路,先锋路,primary,primary
231587,231587,231587,185,2022-12-13 17:07:40,117.3283109622755,39.07781608053359,0.0,1.0,1.0,1.0,先锋路,先锋路,primary,primary
231588,231588,231588,186,2022-12-13 17:07:41,117.32831853556252,39.07782365771642,0.0,1.0,1.0,1.0,先锋路,先锋路,primary,primary
231589,231589,231589,187,2022-12-13 17:07:42,117.32831853556252,39.07782365771642,0.0,1.0,1.0,1.0,先锋路,先锋路,primary,primary
231590,231590,231590,188,2022-12-13 17:07:43,117.3283185360758,39.07781986227817,0.0,1.0,1.0,1.0,先锋路,先锋路,primary,primary
231591,231591,231591,189,2022-12-13 17:07:44,117.32831853556252,39.07782365771642,0.0,1.0,1.0,1.0,先锋路,先锋路,primary,primary
231592,231592,231592,190,2022-12-13 17:07:45,117.32831853556252,39.07782365771642,0.0,1.0,1.0,1.0,先锋路,先锋路,primary,primary
231593,231593,231593,191,2022-12-13 17:07:46,117.32831853556252,39.07782365771642,1.296,1.0,1.0,1.0,先锋路,先锋路,primary,primary
231594,231594,231594,192,2022-12-13 17:07:47,117.32831095970936,39.07783505772488,1.188,1.0,1.0,1.0,先锋路,先锋路,primary,primary
231595,231595,231595,193,2022-12-13 17:07:48,117.32831096022257,39.07783126228664,0.0,1.0,1.0,1.0,先锋路,先锋路,primary,primary
231596,231596,231596,194,2022-12-13 17:07:49,117.32831853504928,39.07782745315465,0.0,1.0,1.0,1.0,先锋路,先锋路,primary,primary
231597,231597,231597,195,2022-12-13 17:07:50,117.32831853453602,39.0778312485929,0.0,1.0,1.0,1.0,先锋路,先锋路,primary,primary
231598,231598,231598,196,2022-12-13 17:07:51,117.32831853402276,39.07783504403112,0.0,1.0,1.0,1.0,先锋路,先锋路,primary,primary
231599,231599,231599,197,2022-12-13 17:07:52,117.32831853453602,39.0778312485929,0.0,1.0,1.0,1.0,先锋路,先锋路,primary,primary
231600,231600,231600,198,2022-12-13 17:07:53,117.32831853504928,39.07782745315465,2.34,1.0,1.0,1.0,先锋路,先锋路,primary,primary
231601,231601,231601,199,2022-12-13 17:07:54,117.32831095970936,39.07783505772488,1.1159999,1.0,1.0,1.0,先锋路,先锋路,primary,primary
231602,231602,231602,200,2022-12-13 17:07:55,117.32831096022257,39.07783126228664,1.656,1.0,1.0,1.0,先锋路,先锋路,primary,primary
231603,231603,231603,201,2022-12-13 17:07:56,117.3283033853965,39.07783507141854,1.656,1.0,1.0,1.0,先锋路,先锋路,primary,primary
231604,231604,231604,202,2022-12-13 17:07:57,117.32829580903152,39.07785026686508,4.572,1.0,1.0,1.0,先锋路,先锋路,primary,primary
231605,231605,231605,203,2022-12-13 17:07:58,117.3282725445999,39.07785383325922,4.68,1.0,1.0,1.0,先锋路,先锋路,primary,primary
231606,231606,231606,204,2022-12-13 17:07:59,117.32825739495485,39.07786145152239,5.508,1.0,1.0,1.0,先锋路,先锋路,primary,primary
231607,231607,231607,205,2022-12-13 17:08:00,117.32824224582524,39.07786527434709,5.04,1.0,1.0,1.0,先锋路,先锋路,primary,primary
231608,231608,231608,206,2022-12-13 17:08:01,117.32821925188097,39.0778691113536,4.824,1.0,1.0,1.0,先锋路,先锋路,primary,primary
231609,231609,231609,207,2022-12-13 17:08:02,117.3282116770258,39.07787319158752,4.608,1.0,1.0,1.0,先锋路,先锋路,primary,primary
231610,231610,231610,208,2022-12-13 17:08:03,117.32819625739263,39.07787701490052,3.996,1.0,1.0,1.0,先锋路,先锋路,primary,primary
231611,231611,231611,209,2022-12-13 17:08:04,117.3281811087856,39.07787704228597,4.968,1.0,1.0,1.0,先锋路,先锋路,primary,primary
231612,231612,231612,210,2022-12-13 17:08:05,117.32815811434308,39.07788467472928,6.732,1.0,1.0,1.0,先锋路,先锋路,primary,primary
231613,231613,231613,211,2022-12-13 17:08:06,117.32813539092946,39.0778885112447,6.9479995,1.0,1.0,1.0,先锋路,先锋路,primary,primary
231614,231614,231614,212,2022-12-13 17:08:07,117.3281126665326,39.07789966753354,8.64,1.0,1.0,1.0,先锋路,先锋路,primary,primary
231615,231615,231615,213,2022-12-13 17:08:08,117.32808182678797,39.07791110959453,11.268,1.0,1.0,1.0,先锋路,先锋路,primary,primary
231616,231616,231616,214,2022-12-13 17:08:09,117.32804368224632,39.07793015573396,14.1119995,1.0,1.0,1.0,先锋路,先锋路,primary,primary
231617,231617,231617,215,2022-12-13 17:08:10,117.3279979639068,39.077945691227626,15.119999,1.0,1.0,1.0,先锋路,先锋路,primary,primary
231618,231618,231618,216,2022-12-13 17:08:11,117.327952245662,39.07796068451382,16.199999,1.0,1.0,1.0,先锋路,先锋路,primary,primary
231619,231619,231619,217,2022-12-13 17:08:12,117.32789868261032,39.07797596308024,17.387999,1.0,1.0,1.0,先锋路,先锋路,primary,primary
231620,231620,231620,218,2022-12-13 17:08:13,117.32783781476044,39.07799911682479,21.24,1.0,1.0,1.0,先锋路,先锋路,primary,primary
231621,231621,231621,219,2022-12-13 17:08:14,117.32775395318588,39.078025565356505,26.244,1.0,1.0,1.0,先锋路,先锋路,primary,primary
231622,231622,231622,220,2022-12-13 17:08:15,117.32766224687118,39.078052299162415,29.699999,1.0,1.0,1.0,先锋路,先锋路,primary,primary
231623,231623,231623,221,2022-12-13 17:08:16,117.32757838438384,39.078086609661234,28.692,1.0,1.0,1.0,先锋路,先锋路,primary,primary
231624,231624,231624,222,2022-12-13 17:08:17,117.32749425247816,39.07811332976587,28.907999,1.0,1.0,1.0,先锋路,先锋路,primary,primary
231625,231625,231625,223,2022-12-13 17:08:18,117.32741066216842,39.07813625344841,26.963999,1.0,1.0,1.0,先锋路,先锋路,primary,primary
231626,231626,231626,224,2022-12-13 17:08:19,117.32732680043225,39.07816649738899,26.28,1.0,1.0,1.0,先锋路,先锋路,primary,primary
231627,231627,231627,225,2022-12-13 17:08:20,117.32725024394534,39.07818588401611,25.236,1.0,1.0,1.0,先锋路,先锋路,primary,primary
231628,231628,231628,226,2022-12-13 17:08:21,117.32717395809318,39.07820472794455,23.039999,1.0,1.0,1.0,先锋路,先锋路,primary,primary
231629,231629,231629,227,2022-12-13 17:08:22,117.32711282019837,39.07822761103976,21.887999,1.0,1.0,1.0,先锋路,先锋路,primary,primary
231630,231630,231630,228,2022-12-13 17:08:23,117.32705195382776,39.07824317386867,21.96,1.0,1.0,1.0,先锋路,先锋路,primary,primary
231631,231631,231631,229,2022-12-13 17:08:24,117.32698324131084,39.07826959497985,23.759998,1.0,1.0,1.0,先锋路,先锋路,primary,primary
231632,231632,231632,230,2022-12-13 17:08:25,117.3269069566226,39.07828111911925,26.064,1.0,1.0,1.0,先锋路,先锋路,primary,primary
231633,231633,231633,231,2022-12-13 17:08:26,117.32683094096608,39.07830402908324,26.64,1.0,1.0,1.0,先锋路,先锋路,primary,primary
231634,231634,231634,232,2022-12-13 17:08:27,117.326746810143,39.07832695370478,28.619999,1.0,1.0,1.0,先锋路,先锋路,primary,primary
231635,231635,231635,233,2022-12-13 17:08:28,117.32665537471118,39.07835721129232,29.556,1.0,1.0,1.0,先锋路,先锋路,primary,primary
231636,231636,231636,234,2022-12-13 17:08:29,117.3265712444846,39.07837661156945,30.312,1.0,1.0,1.0,先锋路,先锋路,primary,primary
231637,231637,231637,235,2022-12-13 17:08:30,117.3264949580669,39.07840304634474,30.492,1.0,1.0,1.0,先锋路,先锋路,primary,primary
231638,231638,231638,236,2022-12-13 17:08:31,117.32639567810403,39.078433589194624,29.124,1.0,1.0,1.0,先锋路,先锋路,primary,primary
231639,231639,231639,237,2022-12-13 17:08:32,117.32628909404605,39.07846794067279,29.987999,1.0,1.0,1.0,先锋路,先锋路,primary,primary
231640,231640,231640,238,2022-12-13 17:08:33,117.3261898147535,39.07849468807507,30.564,1.0,1.0,1.0,先锋路,先锋路,primary,primary
231641,231641,231641,239,2022-12-13 17:08:34,117.32609053506752,39.07852495981042,29.627998,1.0,1.0,1.0,先锋路,先锋路,primary,primary
231642,231642,231642,240,2022-12-13 17:08:35,117.32599910105944,39.07854816869992,30.924,1.0,1.0,1.0,先锋路,先锋路,primary,primary
231643,231643,231643,241,2022-12-13 17:08:36,117.32590739566984,39.07857842674901,30.816,1.0,1.0,1.0,先锋路,先锋路,primary,primary
231644,231644,231644,242,2022-12-13 17:08:37,117.32581596077615,39.07860922651322,33.767998,1.0,1.0,1.0,先锋路,先锋路,primary,primary
231645,231645,231645,243,2022-12-13 17:08:38,117.32569395944574,39.07863574384076,37.044,1.0,1.0,1.0,先锋路,先锋路,primary,primary
231646,231646,231646,244,2022-12-13 17:08:39,117.32558710649074,39.07866223380528,36.143997,1.0,1.0,1.0,先锋路,先锋路,primary,primary
231647,231647,231647,245,2022-12-13 17:08:40,117.32547267790017,39.078700665973365,37.260002,1.0,1.0,1.0,先锋路,先锋路,primary,primary
231648,231648,231648,246,2022-12-13 17:08:41,117.3253506763175,39.07873124983842,37.8,1.0,1.0,1.0,先锋路,先锋路,primary,primary
231649,231649,231649,247,2022-12-13 17:08:42,117.32525166773054,39.07876152107163,36.395996,1.0,1.0,1.0,先锋路,先锋路,primary,primary
231650,231650,231650,248,2022-12-13 17:08:43,117.32513696842574,39.07880347806479,37.907997,1.0,1.0,1.0,先锋路,先锋路,primary,primary
231651,231651,231651,249,2022-12-13 17:08:44,117.3250225402121,39.07884163913062,40.32,1.0,1.0,1.0,先锋路,先锋路,primary,primary
231652,231652,231652,250,2022-12-13 17:08:45,117.32490053948148,39.07886842755863,38.376,1.0,1.0,1.0,先锋路,先锋路,primary,primary
231653,231653,231653,251,2022-12-13 17:08:46,117.32480126067034,39.078898699285006,37.116,1.0,1.0,1.0,先锋路,先锋路,primary,primary
231654,231654,231654,252,2022-12-13 17:08:47,117.3246946787547,39.07892573097116,34.848,1.0,1.0,1.0,先锋路,先锋路,primary,primary
231655,231655,231655,253,2022-12-13 17:08:48,117.3245954000618,39.07895600270242,34.92,1.0,1.0,1.0,先锋路,先锋路,primary,primary
231656,231656,231656,254,2022-12-13 17:08:49,117.32448097421494,39.07897898202121,32.039997,1.0,1.0,1.0,先锋路,先锋路,primary,primary
231657,231657,231657,255,2022-12-13 17:08:50,117.32438169610224,39.07900572942209,29.16,1.0,1.0,1.0,先锋路,先锋路,primary,primary
231658,231658,231658,256,2022-12-13 17:08:51,117.3243205589436,39.07903240793095,25.631998,1.0,1.0,1.0,先锋路,先锋路,primary,primary
231659,231659,231659,257,2022-12-13 17:08:52,117.32424427414878,39.07905531836452,22.284,1.0,1.0,1.0,先锋路,先锋路,primary,primary
231660,231660,231660,258,2022-12-13 17:08:53,117.32419098264748,39.07907412072342,20.412,1.0,1.0,1.0,先锋路,先锋路,primary,primary
231661,231661,231661,259,2022-12-13 17:08:54,117.324129846513,39.07909347946014,20.088,1.0,1.0,1.0,先锋路,先锋路,primary,primary
231662,231662,231662,260,2022-12-13 17:08:55,117.3240843990826,39.07911633419424,18.432,1.0,1.0,1.0,先锋路,先锋路,primary,primary
231663,231663,231663,261,2022-12-13 17:08:56,117.32403083811931,39.07912754616571,18.72,1.0,1.0,1.0,先锋路,先锋路,primary,primary
231664,231664,231664,262,2022-12-13 17:08:57,117.32397754713776,39.07914282419317,17.712,1.0,1.0,1.0,先锋路,先锋路,primary,primary
231665,231665,231665,263,2022-12-13 17:08:58,117.32393155920002,39.079162155571154,17.136,1.0,1.0,1.0,先锋路,先锋路,primary,primary
231666,231666,231666,264,2022-12-13 17:08:59,117.32386285014512,39.07917339491348,17.46,1.0,1.0,1.0,先锋路,先锋路,primary,primary
231667,231667,231667,265,2022-12-13 17:09:00,117.3238019861376,39.07918109574904,17.136,1.0,1.0,1.0,先锋路,先锋路,primary,primary
231668,231668,231668,266,2022-12-13 17:09:01,117.32374085118128,39.07919232141301,16.524,1.0,1.0,1.0,先锋路,先锋路,primary,primary
231669,231669,231669,267,2022-12-13 17:09:02,117.32369513482566,39.07920379032567,15.624001,1.0,1.0,1.0,先锋路,先锋路,primary,primary
231670,231670,231670,268,2022-12-13 17:09:03,117.32365699200425,39.07921931209892,14.076,1.0,1.0,1.0,先锋路,先锋路,primary,primary
231671,231671,231671,269,2022-12-13 17:09:04,117.32361885021918,39.07922697188955,12.564,1.0,1.0,1.0,先锋路,先锋路,primary,primary
231672,231672,231672,270,2022-12-13 17:09:05,117.32358828253166,39.079234346893806,10.943999,1.0,1.0,1.0,先锋路,先锋路,primary,primary
231673,231673,231673,271,2022-12-13 17:09:06,117.32357286292358,39.07924196563241,8.964,1.0,1.0,1.0,先锋路,先锋路,primary,primary
231674,231674,231674,272,2022-12-13 17:09:07,117.32355771332166,39.079253379322864,7.704,1.0,1.0,1.0,先锋路,先锋路,primary,primary
231675,231675,231675,273,2022-12-13 17:09:08,117.32352714510972,39.07926482087183,4.572,1.0,1.0,1.0,先锋路,先锋路,primary,primary
231676,231676,231676,274,2022-12-13 17:09:09,117.32353498916936,39.07926860213864,2.304,1.0,1.0,1.0,先锋路,先锋路,primary,primary
231677,231677,231677,275,2022-12-13 17:09:10,117.32353498867252,39.07927239757901,4.14,1.0,1.0,1.0,先锋路,先锋路,primary,primary
231678,231678,231678,276,2022-12-13 17:09:11,117.32352714358385,39.079276478295846,3.276,1.0,1.0,1.0,先锋路,先锋路,primary,primary
231679,231679,231679,277,2022-12-13 17:09:12,117.3235271425903,39.07928406917656,3.4559999,1.0,1.0,1.0,先锋路,先锋路,primary,primary
231680,231680,231680,278,2022-12-13 17:09:13,117.323504419435,39.07929170111212,4.896,1.0,1.0,1.0,先锋路,先锋路,primary,primary
231681,231681,231681,279,2022-12-13 17:09:14,117.32350441794492,39.07930308743311,7.4519997,1.0,1.0,1.0,先锋路,先锋路,primary,primary
231682,231682,231682,280,2022-12-13 17:09:15,117.32346600617949,39.079306952276696,11.736,1.0,1.0,1.0,先锋路,先锋路,primary,primary
231683,231683,231683,281,2022-12-13 17:09:16,117.32342813396929,39.079321931362045,15.624001,1.0,1.0,1.0,先锋路,先锋路,primary,primary
231684,231684,231684,282,2022-12-13 17:09:17,117.32337457259028,39.07933748100341,16.848,1.0,1.0,1.0,先锋路,先锋路,primary,primary
231685,231685,231685,283,2022-12-13 17:09:18,117.32332128175958,39.07935275905552,18.9,1.0,1.0,1.0,先锋路,先锋路,primary,primary
231686,231686,231686,284,2022-12-13 17:09:19,117.32325257188371,39.07937158930946,22.032,1.0,1.0,1.0,先锋路,先锋路,primary,primary
231687,231687,231687,285,2022-12-13 17:09:20,117.32318386046788,39.079402348094526,23.363998,1.0,1.0,1.0,先锋路,先锋路,primary,primary
231688,231688,231688,286,2022-12-13 17:09:21,117.3231078470854,39.07942119155575,24.047998,1.0,1.0,1.0,先锋路,先锋路,primary,primary
231689,231689,231689,287,2022-12-13 17:09:22,117.32303129317924,39.07943651166261,23.075998,1.0,1.0,1.0,先锋路,先锋路,primary,primary
231690,231690,231690,288,2022-12-13 17:09:23,117.32295500830938,39.07946321760766,23.759998,1.0,1.0,1.0,先锋路,先锋路,primary,primary
231691,231691,231691,289,2022-12-13 17:09:24,117.32287114991595,39.079486141807536,25.991999,1.0,1.0,1.0,先锋路,先锋路,primary,primary
231692,231692,231692,290,2022-12-13 17:09:25,117.32279486610976,39.079504985781455,25.163998,1.0,1.0,1.0,先锋路,先锋路,primary,primary
231693,231693,231693,291,2022-12-13 17:09:26,117.32271100772223,39.0795281810986,26.208,1.0,1.0,1.0,先锋路,先锋路,primary,primary
231694,231694,231694,292,2022-12-13 17:09:27,117.32262714991909,39.0795470387773,26.028,1.0,1.0,1.0,先锋路,先锋路,primary,primary
231695,231695,231695,293,2022-12-13 17:09:28,117.3225505946434,39.07957374524511,26.675999,1.0,1.0,1.0,先锋路,先锋路,primary,primary
231696,231696,231696,294,2022-12-13 17:09:29,117.32246673536284,39.079604260364206,27.036,1.0,1.0,1.0,先锋路,先锋路,primary,primary
231697,231697,231697,295,2022-12-13 17:09:30,117.32238287659406,39.07963098005148,27.324,1.0,1.0,1.0,先锋路,先锋路,primary,primary
231698,231698,231698,296,2022-12-13 17:09:31,117.32230659186996,39.07965768605328,27.539999,1.0,1.0,1.0,先锋路,先锋路,primary,primary
231699,231699,231699,297,2022-12-13 17:09:32,117.32223030617658,39.07969198294376,29.231998,1.0,1.0,1.0,先锋路,先锋路,primary,primary
231700,231700,231700,298,2022-12-13 17:09:33,117.32213887343256,39.0797187163529,31.895998,1.0,1.0,1.0,先锋路,先锋路,primary,primary
231701,231701,231701,299,2022-12-13 17:09:34,117.32203959520022,39.07975305484089,32.94,1.0,1.0,1.0,先锋路,先锋路,primary,primary
231702,231702,231702,300,2022-12-13 17:09:35,117.32193274394857,39.07977981615997,34.128,1.0,1.0,1.0,先锋路,先锋路,primary,primary
231703,231703,231703,301,2022-12-13 17:09:36,117.32182616325284,39.07980630590352,34.163998,1.0,1.0,1.0,先锋路,先锋路,primary,primary
231704,231704,231704,302,2022-12-13 17:09:37,117.3217344590638,39.07984090183931,34.524,1.0,1.0,1.0,先锋路,先锋路,primary,primary
231705,231705,231705,303,2022-12-13 17:09:38,117.32162003437251,39.079863610365656,34.236,1.0,1.0,1.0,先锋路,先锋路,primary,primary
231706,231706,231706,304,2022-12-13 17:09:39,117.3215053386726,39.07989038594568,34.019997,1.0,1.0,1.0,先锋路,先锋路,primary,primary
231707,231707,231707,305,2022-12-13 17:09:40,117.32141417556298,39.07992470984673,33.912,1.0,1.0,1.0,先锋路,先锋路,primary,primary
231708,231708,231708,306,2022-12-13 17:09:41,117.32130705292954,39.07995906264151,36.18,1.0,1.0,1.0,先锋路,先锋路,primary,primary
231709,231709,231709,307,2022-12-13 17:09:42,117.32119262682762,39.0799931575709,35.82,1.0,1.0,1.0,先锋路,先锋路,primary,primary
231710,231710,231710,308,2022-12-13 17:09:43,117.3210936191984,39.08002776682225,36.792,1.0,1.0,1.0,先锋路,先锋路,primary,primary
231711,231711,231711,309,2022-12-13 17:09:44,117.32097919457706,39.08005047547336,37.692,1.0,1.0,1.0,先锋路,先锋路,primary,primary
231712,231712,231712,310,2022-12-13 17:09:45,117.32085719396346,39.08008865072633,38.304,1.0,1.0,1.0,先锋路,先锋路,primary,primary
231713,231713,231713,311,2022-12-13 17:09:46,117.32074276688466,39.08013060773471,38.843998,1.0,1.0,1.0,先锋路,先锋路,primary,primary
231714,231714,231714,312,2022-12-13 17:09:47,117.32062834175343,39.080157383005904,38.556,1.0,1.0,1.0,先锋路,先锋路,primary,primary
231715,231715,231715,313,2022-12-13 17:09:48,117.32051364664062,39.08018009224947,37.907997,1.0,1.0,1.0,先锋路,先锋路,primary,primary
231716,231716,231716,314,2022-12-13 17:09:49,117.32038407298752,39.08021069045217,38.196,1.0,1.0,1.0,先锋路,先锋路,primary,primary
231717,231717,231717,315,2022-12-13 17:09:50,117.3202923679233,39.08025287751094,37.836,1.0,1.0,1.0,先锋路,先锋路,primary,primary
231718,231718,231718,316,2022-12-13 17:09:51,117.32018578539406,39.0802945493359,38.628,1.0,1.0,1.0,先锋路,先锋路,primary,primary
231719,231719,231719,317,2022-12-13 17:09:52,117.32007135927476,39.08032891562129,38.88,1.0,1.0,1.0,先锋路,先锋路,primary,primary
231720,231720,231720,318,2022-12-13 17:09:53,117.31994178465948,39.0803668337259,40.068,1.0,1.0,1.0,先锋路,先锋路,primary,primary
231721,231721,231721,319,2022-12-13 17:09:54,117.31981951203164,39.08041666715801,40.211998,1.0,1.0,1.0,先锋路,先锋路,primary,primary
231722,231722,231722,320,2022-12-13 17:09:55,117.3196975113728,39.0804548427092,41.184,1.0,1.0,1.0,先锋路,先锋路,primary,primary
231723,231723,231723,321,2022-12-13 17:09:56,117.31956793619132,39.08049682746884,40.968,1.0,1.0,1.0,先锋路,先锋路,primary,primary
231724,231724,231724,322,2022-12-13 17:09:57,117.31944593504612,39.0805385274304,39.384,1.0,1.0,1.0,先锋路,先锋路,primary,primary
231725,231725,231725,323,2022-12-13 17:09:58,117.31933908186278,39.08058074215915,38.988,1.0,1.0,1.0,先锋路,先锋路,primary,primary
231726,231726,231726,324,2022-12-13 17:09:59,117.3192319581953,39.08062268630376,39.348,1.0,1.0,1.0,先锋路,先锋路,primary,primary
231727,231727,231727,325,2022-12-13 17:10:00,117.31910995698436,39.08066438636631,40.283997,1.0,1.0,1.0,先锋路,先锋路,primary,primary
231728,231728,231728,326,2022-12-13 17:10:01,117.3189803821572,39.08070257587313,39.744,1.0,1.0,1.0,先锋路,先锋路,primary,primary
231729,231729,231729,327,2022-12-13 17:10:02,117.31885080725844,39.08074103652625,39.78,1.0,1.0,1.0,先锋路,先锋路,primary,primary
231730,231730,231730,328,2022-12-13 17:10:03,117.31873610900472,39.08078651889135,40.824,1.0,1.0,1.0,先锋路,先锋路,primary,primary
231731,231731,231731,329,2022-12-13 17:10:04,117.3186216811875,39.080832271903056,42.948,1.0,1.0,1.0,先锋路,先锋路,primary,primary
231732,231732,231732,330,2022-12-13 17:10:05,117.31848453120983,39.08087806621182,44.244,1.0,1.0,1.0,先锋路,先锋路,primary,primary
231733,231733,231733,331,2022-12-13 17:10:06,117.31835495471462,39.08092791335821,46.62,1.0,1.0,1.0,先锋路,先锋路,primary,primary
231734,231734,231734,332,2022-12-13 17:10:07,117.31821726413833,39.08096964220713,46.62,1.0,1.0,1.0,先锋路,先锋路,primary,primary
231735,231735,231735,333,2022-12-13 17:10:08,117.3180725394656,39.08101924587266,48.564,1.0,1.0,1.0,先锋路,先锋路,primary,primary
231736,231736,231736,334,2022-12-13 17:10:09,117.31792754469556,39.08106505464906,47.951996,1.0,1.0,1.0,先锋路,先锋路,primary,primary
231737,231737,231737,335,2022-12-13 17:10:10,117.31779012391182,39.08111084971683,48.06,1.0,1.0,1.0,先锋路,先锋路,primary,primary
231738,231738,231738,336,2022-12-13 17:10:11,117.31763755401006,39.08116399216205,48.924,1.0,1.0,1.0,先锋路,先锋路,primary,primary
231739,231739,231739,337,2022-12-13 17:10:12,117.31748498492956,39.08120981489836,48.924,1.0,1.0,1.0,先锋路,先锋路,primary,primary
231740,231740,231740,338,2022-12-13 17:10:13,117.31734026033058,39.08125562343269,47.663998,1.0,1.0,1.0,先锋路,先锋路,primary,primary
231741,231741,231741,339,2022-12-13 17:10:14,117.31720284016318,39.08129382785959,47.699997,1.0,1.0,1.0,先锋路,先锋路,primary,primary
231742,231742,231742,340,2022-12-13 17:10:15,117.31705784534888,39.08133584157,48.275997,1.0,1.0,1.0,先锋路,先锋路,primary,primary
231743,231743,231743,341,2022-12-13 17:10:16,117.31691284996226,39.08138165078521,48.996,1.0,1.0,1.0,先锋路,先锋路,primary,primary
231744,231744,231744,342,2022-12-13 17:10:17,117.31676055087568,39.081427473365785,49.32,1.0,1.0,1.0,先锋路,先锋路,primary,primary
231745,231745,231745,343,2022-12-13 17:10:18,117.31662285887248,39.08147326941165,49.031998,1.0,1.0,1.0,先锋路,先锋路,primary,primary
231746,231746,231746,344,2022-12-13 17:10:19,117.31649328145208,39.08152257506924,48.564,1.0,1.0,1.0,先锋路,先锋路,primary,primary
231747,231747,231747,345,2022-12-13 17:10:20,117.3163409824939,39.081564602410985,48.635998,1.0,1.0,1.0,先锋路,先锋路,primary,primary
231748,231748,231748,346,2022-12-13 17:10:21,117.31619571604912,39.08161041244626,46.872,1.0,1.0,1.0,先锋路,先锋路,primary,primary
231749,231749,231749,347,2022-12-13 17:10:22,117.31606613875154,39.08165619394298,43.992,1.0,1.0,1.0,先锋路,先锋路,primary,primary
231750,231750,231750,348,2022-12-13 17:10:23,117.31594413549028,39.08170196168084,41.112,1.0,1.0,1.0,先锋路,先锋路,primary,primary
231751,231751,231751,349,2022-12-13 17:10:24,117.31583701038451,39.081743906889145,39.42,1.0,1.0,1.0,先锋路,先锋路,primary,primary
231752,231752,231752,350,2022-12-13 17:10:25,117.31570743563344,39.08176664479424,37.044,1.0,1.0,1.0,先锋路,先锋路,primary,primary
231753,231753,231753,351,2022-12-13 17:10:26,117.31560085320622,39.08179367844144,34.739998,1.0,1.0,1.0,先锋路,先锋路,primary,primary
231754,231754,231754,352,2022-12-13 17:10:27,117.31550914765106,39.081827733645945,32.436,1.0,1.0,1.0,先锋路,先锋路,primary,primary
231755,231755,231755,353,2022-12-13 17:10:28,117.31541771204746,39.08186585492661,32.364,1.0,1.0,1.0,先锋路,先锋路,primary,primary
231756,231756,231756,354,2022-12-13 17:10:29,117.3153260077408,39.0818887949696,31.248001,1.0,1.0,1.0,先锋路,先锋路,primary,primary
231757,231757,231757,355,2022-12-13 17:10:30,117.3152348434578,39.08191932493167,29.951998,1.0,1.0,1.0,先锋路,先锋路,primary,primary
231758,231758,231758,356,2022-12-13 17:10:31,117.31515828553307,39.08195741912329,28.188,1.0,1.0,1.0,先锋路,电大路,residential,primary
231759,231759,231759,357,2022-12-13 17:10:32,117.31507442528284,39.0819841403554,25.487999,1.0,1.0,1.0,外环东路,外环东路,,
231760,231760,231760,358,2022-12-13 17:10:33,117.3150284354531,39.08201458786997,21.312,1.0,1.0,1.0,外环东路,外环东路,,
231761,231761,231761,359,2022-12-13 17:10:34,117.3149905612412,39.08204149622961,18.72,1.0,1.0,1.0,外环东路,外环东路,,
231762,231762,231762,360,2022-12-13 17:10:35,117.3149524165463,39.08206813398509,17.424,1.0,1.0,1.0,外环东路,外环东路,,
231763,231763,231763,361,2022-12-13 17:10:36,117.31489885433798,39.08208341359845,17.568,1.0,1.0,1.0,外环东路,外环东路,,
231764,231764,231764,362,2022-12-13 17:10:37,117.31485313681118,39.08209867888687,16.56,1.0,1.0,1.0,外环东路,外环东路,,
231765,231765,231765,363,2022-12-13 17:10:38,117.31483041051943,39.08212908392276,15.624001,1.0,1.0,1.0,外环东路,外环东路,,
231766,231766,231766,364,2022-12-13 17:10:39,117.31481498695824,39.082167337594576,15.552,1.0,1.0,1.0,外环东路,外环东路,,
231767,231767,231767,365,2022-12-13 17:10:40,117.31479956154716,39.08222077302308,20.880001,1.0,1.0,1.0,外环东路,外环东路,,
231768,231768,231768,366,2022-12-13 17:10:41,117.31479197991844,39.08228178499272,27.144,1.0,1.0,1.0,外环东路,外环东路,,
231769,231769,231769,367,2022-12-13 17:10:42,117.314807389544,39.0823579366965,31.248001,1.0,1.0,1.0,外环东路,外环东路,,
231770,231770,231770,368,2022-12-13 17:10:43,117.31481522305776,39.082449826198335,36.288,1.0,1.0,1.0,外环东路,外环东路,,
231771,231771,231771,369,2022-12-13 17:10:44,117.31482278474662,39.08255256029884,40.248,1.0,1.0,1.0,外环东路,外环东路,,
231772,231772,231772,370,2022-12-13 17:10:45,117.31483034686688,39.082651770057325,40.248,1.0,1.0,1.0,外环东路,外环东路,,
231773,231773,231773,371,2022-12-13 17:10:46,117.31486847345964,39.08277396768258,46.331997,1.0,1.0,1.0,外环东路,外环东路,,
231774,231774,231774,372,2022-12-13 17:10:47,117.3148836060773,39.082903527087616,49.356,1.0,1.0,1.0,外环东路,外环东路,,
231775,231775,231775,373,2022-12-13 17:10:48,117.31489900686336,39.083052334276246,52.343998,1.0,1.0,1.0,外环东路,外环东路,,
231776,231776,231776,374,2022-12-13 17:10:49,117.31490656480564,39.08318597403773,53.1,1.0,1.0,1.0,外环东路,外环东路,,
231777,231777,231777,375,2022-12-13 17:10:50,117.31492169604772,39.08332691971834,53.783997,1.0,1.0,1.0,外环东路,外环东路,,
231778,231778,231778,376,2022-12-13 17:10:51,117.31493709868748,39.08346054512239,53.748,1.0,1.0,1.0,外环东路,外环东路,,
231779,231779,231779,377,2022-12-13 17:10:52,117.31496764879888,39.08360146260613,56.699997,1.0,1.0,1.0,外环东路,外环东路,,
231780,231780,231780,378,2022-12-13 17:10:53,117.3149981988371,39.08374292228371,57.095997,1.0,1.0,1.0,外环东路,外环东路,,
231781,231781,231781,379,2022-12-13 17:10:54,117.31505174192426,39.08388406884127,60.011997,1.0,1.0,1.0,外环东路,外环东路,,
231782,231782,231782,380,2022-12-13 17:10:55,117.31506687128564,39.08404046730093,61.055996,1.0,1.0,1.0,外环东路,外环东路,,
231783,231783,231783,381,2022-12-13 17:10:56,117.31508200206429,39.08418520833938,60.120003,1.0,1.0,1.0,外环东路,外环东路,,
231784,231784,231784,382,2022-12-13 17:10:57,117.3151047074382,39.08432641119612,60.732002,1.0,1.0,1.0,外环东路,外环东路辅路,,
231785,231785,231785,383,2022-12-13 17:10:58,117.31509711385452,39.08448664655264,61.02,1.0,1.0,1.0,外环东路,外环东路,,
231786,231786,231786,384,2022-12-13 17:10:59,117.31509709536572,39.08463927718957,61.02,1.0,1.0,1.0,外环东路,外环东路,,
231787,231787,231787,385,2022-12-13 17:11:00,117.3151279145444,39.08479185147555,61.415997,1.0,1.0,1.0,外环东路,外环东路,,
231788,231788,231788,386,2022-12-13 17:11:01,117.31514304438775,39.08494445440749,61.415997,1.0,1.0,1.0,外环东路,外环东路,,
231789,231789,231789,387,2022-12-13 17:11:02,117.31516574747208,39.0851046343512,59.832,1.0,1.0,1.0,外环东路,外环东路,,
231790,231790,231790,388,2022-12-13 17:11:03,117.31519656660528,39.08525747969345,57.492,1.0,1.0,1.0,外环东路,外环东路,,
231791,231791,231791,389,2022-12-13 17:11:04,117.3152116978606,39.08539842518186,57.492,1.0,1.0,1.0,外环东路,外环东路,,
231792,231792,231792,390,2022-12-13 17:11:05,117.31523467328071,39.08554342286026,56.412,1.0,1.0,1.0,外环东路,外环东路,,
231793,231793,231793,391,2022-12-13 17:11:06,117.31525764964849,39.0856805585619,56.412,1.0,1.0,1.0,外环东路,外环东路,,
231794,231794,231794,392,2022-12-13 17:11:07,117.3152803545252,39.085825827809,56.628,1.0,1.0,1.0,外环东路,外环东路,,
231795,231795,231795,393,2022-12-13 17:11:08,117.3153184805464,39.085951549528616,51.912,1.0,1.0,1.0,外环东路,外环东路,,
231796,231796,231796,394,2022-12-13 17:11:09,117.31534145827555,39.08607729890589,51.912,1.0,1.0,1.0,外环东路,外环东路,,
231797,231797,231797,395,2022-12-13 17:11:10,117.31540987848976,39.086222213524174,49.752,1.0,1.0,1.0,外环东路,外环东路,,
231798,231798,231798,396,2022-12-13 17:11:11,117.31541770973432,39.08633307993231,46.079998,1.0,1.0,1.0,外环东路,外环东路,,
231799,231799,231799,397,2022-12-13 17:11:12,117.31542554238872,39.086432288945296,43.812,1.0,1.0,1.0,外环东路,外环东路,,
231800,231800,231800,398,2022-12-13 17:11:13,117.31544825420818,39.08651981339639,40.716,1.0,1.0,1.0,外环东路,外环东路,,
231801,231801,231801,399,2022-12-13 17:11:14,117.31547096595722,39.08660788004677,39.132,1.0,1.0,1.0,外环东路,外环东路,,
231802,231802,231802,400,2022-12-13 17:11:15,117.3155015214808,39.08670298101865,39.132,1.0,1.0,1.0,外环东路,外环东路,,
231803,231803,231803,401,2022-12-13 17:11:16,117.31551693287123,39.08676395080191,33.372,1.0,1.0,1.0,外环东路,外环东路,,
231804,231804,231804,402,2022-12-13 17:11:17,117.31554749109736,39.08683655030604,34.416,1.0,1.0,1.0,外环东路,外环东路,,
231805,231805,231805,403,2022-12-13 17:11:18,117.31558535109669,39.08692431818003,34.524,1.0,1.0,1.0,外环东路,外环东路,,
231806,231806,231806,404,2022-12-13 17:11:19,117.31561617892253,39.08700423693721,34.595997,1.0,1.0,1.0,外环东路,外环东路,,
231807,231807,231807,405,2022-12-13 17:11:20,117.31570002550012,39.087084330003975,32.544,1.0,1.0,1.0,外环东路,外环东路,,
231808,231808,231808,406,2022-12-13 17:11:21,117.31573058318044,39.08716099603127,31.283998,1.0,1.0,1.0,外环东路,外环东路,,
231809,231809,231809,407,2022-12-13 17:11:22,117.3157532949302,39.08724852044854,31.283998,1.0,1.0,1.0,外环东路,外环东路,,
231810,231810,231810,408,2022-12-13 17:11:23,117.31578412316377,39.08732464377225,29.448,1.0,1.0,1.0,外环东路,津塘公路辅路,secondary,
231811,231811,231811,409,2022-12-13 17:11:24,117.3157916875444,39.08740514718361,29.807999,1.0,1.0,1.0,外环东路,津塘公路辅路,secondary,
231812,231812,231812,410,2022-12-13 17:11:25,117.31586769262177,39.08745841550211,30.348,1.0,1.0,1.0,外环东路,津塘公路辅路,secondary,
231813,231813,231813,411,2022-12-13 17:11:26,117.31584495882574,39.08755361369518,31.319998,1.0,1.0,1.0,外环东路,津塘公路辅路,secondary,
231814,231814,231814,412,2022-12-13 17:11:27,117.31586036688948,39.08764169362444,32.328,1.0,1.0,1.0,外环东路,津塘公路辅路,secondary,
231815,231815,231815,413,2022-12-13 17:11:28,117.31587550543,39.08772164098996,32.328,1.0,1.0,1.0,外环东路,津塘公路辅路,secondary,
231816,231816,231816,414,2022-12-13 17:11:29,117.3158982180651,39.08780157452769,33.012,1.0,1.0,1.0,外环东路,津塘公路辅路,secondary,
231817,231817,231817,415,2022-12-13 17:11:30,117.3158906333652,39.08788942530319,34.92,1.0,1.0,1.0,外环东路,津塘公路辅路,secondary,
231818,231818,231818,416,2022-12-13 17:11:31,117.3159060414575,39.08797723410915,34.92,1.0,1.0,1.0,外环东路,津塘公路辅路,secondary,
231819,231819,231819,417,2022-12-13 17:11:32,117.31591360495138,39.08806505722647,34.992,1.0,1.0,1.0,外环东路,津塘公路辅路,secondary,
231820,231820,231820,418,2022-12-13 17:11:33,117.3158981743224,39.08816403746985,34.992,1.0,1.0,1.0,外环东路,津塘公路辅路,secondary,
231821,231821,231821,419,2022-12-13 17:11:34,117.31590600832436,39.0882518600812,35.351997,1.0,1.0,1.0,外环东路,津塘公路辅路,secondary,
231822,231822,231822,420,2022-12-13 17:11:35,117.315890577246,39.08835463573505,36.143997,1.0,1.0,1.0,外环东路,津塘公路辅路,secondary,
231823,231823,231823,421,2022-12-13 17:11:36,117.3159289804077,39.0884234254326,31.787998,1.0,1.0,1.0,外环东路,津塘公路辅路,secondary,
231824,231824,231824,422,2022-12-13 17:11:37,117.31593654390728,39.08851124852052,34.452,1.0,1.0,1.0,外环东路,津塘公路辅路,secondary,
231825,231825,231825,423,2022-12-13 17:11:38,117.315989823348,39.0885913973264,34.92,1.0,1.0,1.0,外环东路,津塘公路辅路,secondary,
231826,231826,231826,424,2022-12-13 17:11:39,117.31599738592752,39.08868681124603,34.2,1.0,1.0,1.0,外环东路,津塘公路辅路,secondary,
231827,231827,231827,425,2022-12-13 17:11:40,117.31602036858298,39.08877053965509,34.2,1.0,1.0,1.0,外环东路,津塘公路辅路,secondary,
231828,231828,231828,426,2022-12-13 17:11:41,117.31597464439496,39.08884680260977,31.644,1.0,1.0,1.0,外环东路,津塘公路辅路,secondary,
231829,231829,231829,427,2022-12-13 17:11:42,117.3159670606424,39.08892706247555,33.12,1.0,1.0,1.0,外环东路,津塘公路辅路,secondary,
231830,231830,231830,428,2022-12-13 17:11:43,117.31595920642212,39.08900705172941,33.444,1.0,1.0,1.0,外环东路,津塘公路辅路,secondary,
231831,231831,231831,429,2022-12-13 17:11:44,117.31595162130388,39.089098697847966,35.28,1.0,1.0,1.0,外环东路,津塘公路辅路,secondary,
231832,231832,231832,430,2022-12-13 17:11:45,117.31594403618888,39.08919034396097,37.151997,1.0,1.0,1.0,外环东路,津塘公路辅路,secondary,
231833,231833,231833,431,2022-12-13 17:11:46,117.31593645110982,39.08928171896701,37.151997,1.0,1.0,1.0,外环东路,津塘公路辅路,secondary,
231834,231834,231834,432,2022-12-13 17:11:47,117.31593643962812,39.08937714666283,38.087997,1.0,1.0,1.0,外环东路,津塘公路辅路,secondary,
231835,231835,231835,433,2022-12-13 17:11:48,117.31596699638104,39.08946086119694,36.684,1.0,1.0,1.0,外环东路,津塘公路辅路,secondary,
231836,231836,231836,434,2022-12-13 17:11:49,117.31597483036488,39.08954895482362,34.272,1.0,1.0,1.0,外环东路,津塘公路辅路,secondary,
231837,231837,231837,435,2022-12-13 17:11:50,117.31598996844676,39.08963269749158,34.272,1.0,1.0,1.0,外环东路,外环东路,,
231838,231838,231838,436,2022-12-13 17:11:51,117.31601268197322,39.08970504007392,30.78,1.0,1.0,1.0,外环东路,外环东路,,
231839,231839,231839,437,2022-12-13 17:11:52,117.31605081453807,39.08977410129543,31.86,1.0,1.0,1.0,外环东路,外环东路,,
231840,231840,231840,438,2022-12-13 17:11:53,117.31605864949417,39.089854061862106,32.760002,1.0,1.0,1.0,外环东路,外环东路,,
231841,231841,231841,439,2022-12-13 17:11:54,117.31607378756354,39.08993780451166,34.704,1.0,1.0,1.0,外环东路,外环东路,,
231842,231842,231842,440,2022-12-13 17:11:55,117.31608135012551,39.09003348943497,35.531998,1.0,1.0,1.0,外环东路,外环东路,,
231843,231843,231843,441,2022-12-13 17:11:56,117.31610433230784,39.09012101317323,35.1,1.0,1.0,1.0,外环东路,外环东路,,
231844,231844,231844,442,2022-12-13 17:11:57,117.31611946988228,39.09020882232429,35.1,1.0,1.0,1.0,外环东路,外环东路,,
231845,231845,231845,443,2022-12-13 17:11:58,117.31616544426554,39.090300370607785,36.288,1.0,1.0,1.0,外环东路,外环东路,,
231846,231846,231846,444,2022-12-13 17:11:59,117.31618815589368,39.09038816592532,36.288,1.0,1.0,1.0,外环东路,外环东路,,
231847,231847,231847,445,2022-12-13 17:12:00,117.31618056856291,39.09049851792222,40.968,1.0,1.0,1.0,外环东路,外环东路,,
231848,231848,231848,446,2022-12-13 17:12:01,117.3161805547772,39.09061319370604,41.724,1.0,1.0,1.0,外环东路,外环东路,,
231849,231849,231849,447,2022-12-13 17:12:02,117.31618054193956,39.09072000754796,40.572002,1.0,1.0,1.0,外环东路,外环东路,,
231850,231850,231850,448,2022-12-13 17:12:03,117.31620325265256,39.0908153936664,38.592,1.0,1.0,1.0,外环东路,外环东路,,
231851,231851,231851,449,2022-12-13 17:12:04,117.31622650482072,39.090906983376016,39.384,1.0,1.0,1.0,外环东路,外环东路,,
231852,231852,231852,450,2022-12-13 17:12:05,117.31626436409026,39.09099854642292,38.339996,1.0,1.0,1.0,外环东路,外环东路,,
231853,231853,231853,451,2022-12-13 17:12:06,117.31627219857968,39.09108230232846,34.056,1.0,1.0,1.0,外环东路,外环东路,,
231854,231854,231854,452,2022-12-13 17:12:07,117.31630275701863,39.091151106207946,31.175999,1.0,1.0,1.0,外环东路,外环东路,,
231855,231855,231855,453,2022-12-13 17:12:08,117.31634088953132,39.091219625163646,30.456,1.0,1.0,1.0,外环东路,外环东路,,
231856,231856,231856,454,2022-12-13 17:12:09,117.3163484548806,39.09129199530704,25.919998,1.0,1.0,1.0,外环东路,外环东路,,
231857,231857,231857,455,2022-12-13 17:12:10,117.3163560225104,39.09134538837862,22.103998,1.0,1.0,1.0,外环东路,外环东路,,
231858,231858,231858,456,2022-12-13 17:12:11,117.31637116324204,39.091406629555244,21.168,1.0,1.0,1.0,外环东路,外环东路,,
231859,231859,231859,457,2022-12-13 17:12:12,117.31637900182804,39.091456226715295,21.636,1.0,1.0,1.0,外环东路,外环东路,,
231860,231860,231860,458,2022-12-13 17:12:13,117.3164171352239,39.09151715483269,23.831999,1.0,1.0,1.0,外环东路,外环东路,,
231861,231861,231861,459,2022-12-13 17:12:14,117.31643227689132,39.09157053407561,23.436,1.0,1.0,1.0,外环东路,外环东路,,
231862,231862,231862,460,2022-12-13 17:12:15,117.31643984448192,39.09162419823679,23.004,1.0,1.0,1.0,外环东路,外环东路辅路,,
231863,231863,231863,461,2022-12-13 17:12:16,117.31645525619116,39.09168137239452,24.372,1.0,1.0,1.0,外环东路,外环东路辅路,,
231864,231864,231864,462,2022-12-13 17:12:17,117.31647824148148,39.09174232814336,25.128,1.0,1.0,1.0,外环东路,外环东路辅路,,
231865,231865,231865,463,2022-12-13 17:12:18,117.31651637480932,39.09180352735441,24.443998,1.0,1.0,1.0,外环东路,外环东路辅路,,
231866,231866,231866,464,2022-12-13 17:12:19,117.31651636793276,39.091860729635336,25.056,1.0,1.0,1.0,外环东路,外环东路辅路,,
231867,231867,231867,465,2022-12-13 17:12:20,117.31652393509316,39.0919179180955,21.887999,1.0,1.0,1.0,外环东路,外环东路辅路,,
231868,231868,231868,466,2022-12-13 17:12:21,117.31653907723336,39.091967230811015,21.096,1.0,1.0,1.0,外环东路,外环东路辅路,,
231869,231869,231869,467,2022-12-13 17:12:22,117.31654691534963,39.09202062336154,21.996,1.0,1.0,1.0,外环东路,外环东路辅路,,
231870,231870,231870,468,2022-12-13 17:12:23,117.31656963008548,39.0920818506911,24.336,1.0,1.0,1.0,外环东路,外环东路辅路,,
231871,231871,231871,469,2022-12-13 17:12:24,117.31660018983756,39.09213899719602,23.868,1.0,1.0,1.0,外环东路,外环东路辅路,,
231872,231872,231872,470,2022-12-13 17:12:25,117.3166001825047,39.092199994871926,24.047998,1.0,1.0,1.0,外环东路,外环东路辅路,,
231873,231873,231873,471,2022-12-13 17:12:26,117.31660017654124,39.09224960631297,20.808,1.0,1.0,1.0,外环东路,外环东路辅路,,
231874,231874,231874,472,2022-12-13 17:12:27,117.3166077450642,39.092295408524194,20.303999,1.0,1.0,1.0,外环东路,外环东路辅路,,
231875,231875,231875,473,2022-12-13 17:12:28,117.31662288670292,39.09234878773747,21.671999,1.0,1.0,1.0,外环东路,外环东路辅路,,
231876,231876,231876,474,2022-12-13 17:12:29,117.31663856839634,39.09241002788302,24.48,1.0,1.0,1.0,外环东路,外环东路辅路,,
231877,231877,231877,475,2022-12-13 17:12:30,117.3166537077495,39.09248238414207,32.724,1.0,1.0,1.0,外环东路,外环东路辅路,,
231878,231878,231878,476,2022-12-13 17:12:31,117.31666127033832,39.092577526672365,37.260002,1.0,1.0,1.0,外环东路,外环东路辅路,,
231879,231879,231879,477,2022-12-13 17:12:32,117.31667640506186,39.09268837921776,42.264,1.0,1.0,1.0,外环东路,外环东路辅路,,
231880,231880,231880,478,2022-12-13 17:12:33,117.31670722886132,39.09279893203283,46.44,1.0,1.0,1.0,外环东路,外环东路辅路,,
231881,231881,231881,479,2022-12-13 17:12:34,117.31673751024908,39.09292114315274,50.436,1.0,1.0,1.0,外环东路,外环东路辅路,,
231882,231882,231882,480,2022-12-13 17:12:35,117.31677563480936,39.093054455076825,53.244,1.0,1.0,1.0,外环东路,外环东路辅路,,
231883,231883,231883,481,2022-12-13 17:12:36,117.31682160243604,39.09319968110447,56.663998,1.0,1.0,1.0,外环东路,外环东路辅路,,
231884,231884,231884,482,2022-12-13 17:12:37,117.3168670295632,39.0933405704964,58.823997,1.0,1.0,1.0,外环东路,外环东路辅路,,
231885,231885,231885,483,2022-12-13 17:12:38,117.31691299626983,39.093493116209366,59.472,1.0,1.0,1.0,外环东路,外环东路辅路,,
231886,231886,231886,484,2022-12-13 17:12:39,117.3169435444137,39.09364596112657,61.02,1.0,1.0,1.0,外环东路,外环东路辅路,,
231887,231887,231887,485,2022-12-13 17:12:40,117.31699681507703,39.093794426980494,59.724,1.0,1.0,1.0,外环东路,外环东路辅路,,
231888,231888,231888,486,2022-12-13 17:12:41,117.31705035614912,39.09394343452823,62.244003,1.0,1.0,1.0,外环东路,外环东路辅路,,
231889,231889,231889,487,2022-12-13 17:12:42,117.3171036262714,39.09409596685986,62.172,1.0,1.0,1.0,外环东路,外环东路,,
231890,231890,231890,488,2022-12-13 17:12:43,117.31715716641096,39.09425229408778,62.351997,1.0,1.0,1.0,外环东路,外环东路,,
231891,231891,231891,489,2022-12-13 17:12:44,117.31721043693814,39.094401030985374,60.947998,1.0,1.0,1.0,外环东路,外环东路,,
231892,231892,231892,490,2022-12-13 17:12:45,117.31725640346424,39.09455384768844,63.288,1.0,1.0,1.0,外环东路,外环东路,,
231893,231893,231893,491,2022-12-13 17:12:46,117.3173099435296,39.09471017486953,63.036,1.0,1.0,1.0,外环东路,外环东路,,
231894,231894,231894,492,2022-12-13 17:12:47,117.31734779461082,39.0948665306365,64.187996,1.0,1.0,1.0,外环东路,外环东路,,
231895,231895,231895,493,2022-12-13 17:12:48,117.317378342167,39.09502317079989,64.008,1.0,1.0,1.0,外环东路,外环东路,,
231896,231896,231896,494,2022-12-13 17:12:49,117.31743188220456,39.09517922682947,64.187996,1.0,1.0,1.0,外环东路,外环东路,,
231897,231897,231897,495,2022-12-13 17:12:50,117.31748515210964,39.09533203013554,64.26,1.0,1.0,1.0,外环东路,外环东路,,
231898,231898,231898,496,2022-12-13 17:12:51,117.3175308475966,39.0954883715326,64.764,1.0,1.0,1.0,外环东路,外环东路,,
231899,231899,231899,497,2022-12-13 17:12:52,117.31757681307371,39.09564877891927,65.232,1.0,1.0,1.0,外环东路,外环东路,,
231900,231900,231900,498,2022-12-13 17:12:53,117.3176300838904,39.095793449178665,64.908,1.0,1.0,1.0,外环东路,外环东路,,
231901,231901,231901,499,2022-12-13 17:12:54,117.31767604978418,39.095950061132605,64.62,1.0,1.0,1.0,外环东路,外环东路,,
231902,231902,231902,500,2022-12-13 17:12:55,117.31772147378015,39.096113993752205,65.520004,1.0,1.0,1.0,外环东路,外环东路,,
231903,231903,231903,501,2022-12-13 17:12:56,117.31776743829704,39.09628172076461,67.175995,1.0,1.0,1.0,外环东路,外环东路,,
231904,231904,231904,502,2022-12-13 17:12:57,117.31781313363624,39.09643833315753,64.979996,1.0,1.0,1.0,外环东路,外环东路,,
231905,231905,231905,503,2022-12-13 17:12:58,117.31785125412463,39.09660227902935,65.124,1.0,1.0,1.0,外环东路,外环东路,,
231906,231906,231906,504,2022-12-13 17:12:59,117.31794293227708,39.09677398917896,64.979996,1.0,1.0,1.0,外环东路,外环东路,,
231907,231907,231907,505,2022-12-13 17:13:00,117.3179886271233,39.09693412581621,65.91599,1.0,1.0,1.0,外环东路,外环东路,,
231908,231908,231908,506,2022-12-13 17:13:01,117.3180497398404,39.09709830083836,65.88,1.0,1.0,1.0,外环东路,外环东路,,
231909,231909,231909,507,2022-12-13 17:13:02,117.3180878611653,39.09725465584439,64.908,1.0,1.0,1.0,外环东路,外环东路,,
231910,231910,231910,508,2022-12-13 17:13:03,117.31813355549728,39.09741858782256,66.096,1.0,1.0,1.0,外环东路,外环东路,,
231911,231911,231911,509,2022-12-13 17:13:04,117.3181719472916,39.09757494229972,64.944,1.0,1.0,1.0,外环东路,外环东路,,
231912,231912,231912,510,2022-12-13 17:13:05,117.31822521594694,39.097735336149206,67.14,1.0,1.0,1.0,外环东路,外环东路,,
231913,231913,231913,511,2022-12-13 17:13:06,117.3182784850706,39.09789166348963,66.888,1.0,1.0,1.0,外环东路,外环东路,,
231914,231914,231914,512,2022-12-13 17:13:07,117.31834744301784,39.09804796223633,66.384,1.0,1.0,1.0,外环东路,外环东路,,
231915,231915,231915,513,2022-12-13 17:13:08,117.31841585807068,39.098219714622665,67.212,1.0,1.0,1.0,外环东路,外环东路,,
231916,231916,231916,514,2022-12-13 17:13:09,117.31846155178992,39.09838771298481,67.175995,1.0,1.0,1.0,外环东路,外环东路,,
231917,231917,231917,515,2022-12-13 17:13:10,117.3185075160219,39.09855543973542,66.923996,1.0,1.0,1.0,外环东路,外环东路,,
231918,231918,231918,516,2022-12-13 17:13:11,117.31857593102576,39.09872692096823,67.42799,1.0,1.0,1.0,外环东路,外环东路,,
231919,231919,231919,517,2022-12-13 17:13:12,117.31862189564278,39.09889112339044,68.687996,1.0,1.0,1.0,外环东路,外环东路,,
231920,231920,231920,518,2022-12-13 17:13:13,117.31867516319748,39.09905910788357,68.148,1.0,1.0,1.0,外环东路,外环东路,,
231921,231921,231921,519,2022-12-13 17:13:14,117.31871355390408,39.09922305296221,67.14,1.0,1.0,1.0,外环东路,外环东路,,
231922,231922,231922,520,2022-12-13 17:13:15,117.31874382924012,39.09939080818767,68.256,1.0,1.0,1.0,外环东路,外环东路,,
231923,231923,231923,521,2022-12-13 17:13:16,117.31878221805547,39.09957020587868,67.752,1.0,1.0,1.0,外环东路,外环东路,,
231924,231924,231924,522,2022-12-13 17:13:17,117.31880491947064,39.099737974854925,69.444,1.0,1.0,1.0,外环东路,外环东路,,
231925,231925,231925,523,2022-12-13 17:13:18,117.31884330918338,39.09990978172844,69.516,1.0,1.0,1.0,外环东路,外环东路,,
231926,231926,231926,524,2022-12-13 17:13:19,117.3188584371782,39.100073497971,68.904,1.0,1.0,1.0,外环东路,外环东路,,
231927,231927,231927,525,2022-12-13 17:13:20,117.31887356418726,39.100245347165306,68.939995,1.0,1.0,1.0,外环东路,外环东路,,
231928,231928,231928,526,2022-12-13 17:13:21,117.31889653607864,39.10041311557007,68.508,1.0,1.0,1.0,外环东路,外环东路,,
231929,231929,231929,527,2022-12-13 17:13:22,117.31891193357826,39.10058496423199,69.228,1.0,1.0,1.0,外环东路,外环东路,,
231930,231930,231930,528,2022-12-13 17:13:23,117.3189422088579,39.10075271929808,66.203995,1.0,1.0,1.0,外环东路,外环东路,,
231931,231931,231931,529,2022-12-13 17:13:24,117.31896518165192,39.100912896876224,66.815994,1.0,1.0,1.0,外环东路,外环东路,,
231932,231932,231932,530,2022-12-13 17:13:25,117.31898057914036,39.101084745480186,65.951996,1.0,1.0,1.0,外环东路,外环东路,,
231933,231933,231933,531,2022-12-13 17:13:26,117.31898055838457,39.10125635104424,65.91599,1.0,1.0,1.0,外环东路,外环东路,,
231934,231934,231934,532,2022-12-13 17:13:27,117.3189956872764,39.101412476372445,63.432003,1.0,1.0,1.0,外环东路,外环东路,,
231935,231935,231935,533,2022-12-13 17:13:28,117.319018660483,39.10156912959651,62.532,1.0,1.0,1.0,外环东路,外环东路,,
231936,231936,231936,534,2022-12-13 17:13:29,117.319041362795,39.10172903648205,61.128,1.0,1.0,1.0,外环东路,外环东路,,
231937,231937,231937,535,2022-12-13 17:13:30,117.31906433690938,39.1018780989099,61.488,1.0,1.0,1.0,外环东路,外环东路,,
231938,231938,231938,536,2022-12-13 17:13:31,117.31907973628316,39.102034223682615,60.155994,1.0,1.0,1.0,外环东路,外环东路,,
231939,231939,231939,537,2022-12-13 17:13:32,117.31909486601108,39.102183300367365,58.032,1.0,1.0,1.0,外环东路,外环东路,,
231940,231940,231940,538,2022-12-13 17:13:33,117.31910999672024,39.102324244078986,56.124,1.0,1.0,1.0,外环东路,宝元路,,
231941,231941,231941,539,2022-12-13 17:13:34,117.3191253983488,39.10246166300359,56.339996,1.0,1.0,1.0,外环东路,外环东路,,
231942,231942,231942,540,2022-12-13 17:13:35,117.3191407999747,39.10259908191647,56.339996,1.0,1.0,1.0,外环东路,外环东路,,
231943,231943,231943,541,2022-12-13 17:13:36,117.3191559297248,39.102747887450384,59.112,1.0,1.0,1.0,外环东路,外环东路,,
231944,231944,231944,542,2022-12-13 17:13:37,117.31916348608776,39.1028926402867,60.587997,1.0,1.0,1.0,外环东路,外环东路,,
231945,231945,231945,543,2022-12-13 17:13:38,117.31918645974504,39.1030452268867,63.575996,1.0,1.0,1.0,外环东路,外环东路,,
231946,231946,231946,544,2022-12-13 17:13:39,117.31920943290504,39.10320187995009,64.69199,1.0,1.0,1.0,外环东路,外环东路,,
231947,231947,231947,545,2022-12-13 17:13:40,117.31920941355212,39.10336182805634,64.079994,1.0,1.0,1.0,外环东路,外环东路,,
231948,231948,231948,546,2022-12-13 17:13:41,117.31922454096028,39.10352988151245,65.520004,1.0,1.0,1.0,外环东路,外环东路,,
231949,231949,231949,547,2022-12-13 17:13:42,117.31923966980868,39.10368600662165,63.648,1.0,1.0,1.0,外环东路,外环东路,,
231950,231950,231950,548,2022-12-13 17:13:43,117.31925506816532,39.10385026417613,63.539997,1.0,1.0,1.0,外环东路,外环东路,,
231951,231951,231951,549,2022-12-13 17:13:44,117.3192628931423,39.10401046903504,62.603996,1.0,1.0,1.0,外环东路,外环东路,,
231952,231952,231952,550,2022-12-13 17:13:45,117.31927802240912,39.10416306982318,62.279995,1.0,1.0,1.0,外环东路,外环东路,,
231953,231953,231953,551,2022-12-13 17:13:46,117.3192931521322,39.104311875221725,60.876,1.0,1.0,1.0,外环东路,外环东路,,
231954,231954,231954,552,2022-12-13 17:13:47,117.3193082809664,39.10446800026238,60.587997,1.0,1.0,1.0,外环东路,外环东路,,
231955,231955,231955,553,2022-12-13 17:13:48,117.31932395118152,39.10462087112492,60.479996,1.0,1.0,1.0,外环东路,外环东路,,
231956,231956,231956,554,2022-12-13 17:13:49,117.3193466547915,39.10476939159204,61.055996,1.0,1.0,1.0,外环东路,外环东路,,
231957,231957,231957,555,2022-12-13 17:13:50,117.3193617844684,39.10491846803974,60.732002,1.0,1.0,1.0,外环东路,外环东路,,
231958,231958,231958,556,2022-12-13 17:13:51,117.31936933942757,39.10507460682568,59.903996,1.0,1.0,1.0,外环东路,外环东路,,
231959,231959,231959,557,2022-12-13 17:13:52,117.31938501008923,39.10522368226414,59.94,1.0,1.0,1.0,外环东路,外环东路,,
231960,231960,231960,558,2022-12-13 17:13:53,117.31939256596377,39.10537223027683,60.336,1.0,1.0,1.0,外环东路,外环东路,,
231961,231961,231961,559,2022-12-13 17:13:54,117.3194001218041,39.10552104937678,60.947998,1.0,1.0,1.0,外环东路,外环东路,,
231962,231962,231962,560,2022-12-13 17:13:55,117.31942282581818,39.10566604549789,59.615997,1.0,1.0,1.0,外环东路,外环东路,,
231963,231963,231963,561,2022-12-13 17:13:56,117.31943038168686,39.10581459347803,60.552,1.0,1.0,1.0,外环东路,外环东路,,
231964,231964,231964,562,2022-12-13 17:13:57,117.31943820752366,39.10596747852459,60.263996,1.0,1.0,1.0,外环东路,外环东路,,
231965,231965,231965,563,2022-12-13 17:13:58,117.3194687554492,39.10611598459858,61.667995,1.0,1.0,1.0,外环东路,外环东路,,
231966,231966,231966,564,2022-12-13 17:13:59,117.31947630940648,39.106280256234406,64.944,1.0,1.0,1.0,外环东路,海航路,,
231967,231967,231967,565,2022-12-13 17:14:00,117.3194914372479,39.10644424296222,66.384,1.0,1.0,1.0,外环东路,海航路,,
231968,231968,231968,566,2022-12-13 17:14:01,117.31950710561536,39.106612024064376,66.528,1.0,1.0,1.0,外环东路,海航路,,
231969,231969,231969,567,2022-12-13 17:14:02,117.3195222334494,39.10677601076719,68.364,1.0,1.0,1.0,外环东路,海航路,,
231970,231970,231970,568,2022-12-13 17:14:03,117.31952978647708,39.10694787309762,69.732,1.0,1.0,1.0,外环东路,海航路,,
231971,231971,231971,569,2022-12-13 17:14:04,117.3195524867741,39.10712323209235,69.876,1.0,1.0,1.0,外环东路,海航路,,
231972,231972,231972,570,2022-12-13 17:14:05,117.3195600397959,39.107295094397074,69.80399,1.0,1.0,1.0,外环东路,海航路,,
231973,231973,231973,571,2022-12-13 17:14:06,117.31958328061204,39.10747424775073,68.76,1.0,1.0,1.0,外环东路,海航路,,
231974,231974,231974,572,2022-12-13 17:14:07,117.31959840750672,39.10764582513374,68.22,1.0,1.0,1.0,外环东路,海航路,,
231975,231975,231975,573,2022-12-13 17:14:08,117.3196135339374,39.107821197875126,68.148,1.0,1.0,1.0,外环东路,海航路,,
231976,231976,231976,574,2022-12-13 17:14:09,117.31962893128558,39.1079930458391,69.80399,1.0,1.0,1.0,外环东路,海航路,,
231977,231977,231977,575,2022-12-13 17:14:10,117.31964432912264,39.10816082732367,67.535995,1.0,1.0,1.0,外环东路,海航路,,
231978,231978,231978,576,2022-12-13 17:14:11,117.31966703027086,39.10832886658893,66.384,1.0,1.0,1.0,外环东路,海航路,,
231979,231979,231979,577,2022-12-13 17:14:12,117.31967458287536,39.10850398198502,67.572,1.0,1.0,1.0,外环东路,海航路,,
231980,231980,231980,578,2022-12-13 17:14:13,117.31968998158786,39.10866444379659,66.06,1.0,1.0,1.0,外环东路,海航路,,
231981,231981,231981,579,2022-12-13 17:14:14,117.31969780602896,39.10882844366966,65.051994,1.0,1.0,1.0,外环东路,海航路,,
231982,231982,231982,580,2022-12-13 17:14:15,117.31972050765178,39.10899241642682,65.736,1.0,1.0,1.0,外环东路,海航路,,
231983,231983,231983,581,2022-12-13 17:14:16,117.31974320926886,39.109156389174615,66.563995,1.0,1.0,1.0,外环东路,海航路,,
231984,231984,231984,582,2022-12-13 17:14:17,117.31975860750408,39.10932064631777,67.42799,1.0,1.0,1.0,外环东路,海航路,,
231985,231985,231985,583,2022-12-13 17:14:18,117.31978157868345,39.1094922092909,67.212,1.0,1.0,1.0,外环东路,海航路,,
231986,231986,231986,584,2022-12-13 17:14:19,117.31978913261264,39.10965620961091,66.888,1.0,1.0,1.0,外环东路,海航路,,
231987,231987,231987,585,2022-12-13 17:14:20,117.31981967899895,39.10981637266254,66.203995,1.0,1.0,1.0,外环东路,海航路,,
231988,231988,231988,586,2022-12-13 17:14:21,117.3198348053396,39.10999201636663,67.032,1.0,1.0,1.0,外环东路,海航路,,
231989,231989,231989,587,2022-12-13 17:14:22,117.31984262978504,39.11015574507115,67.355995,1.0,1.0,1.0,外环东路,海航路,,
231990,231990,231990,588,2022-12-13 17:14:23,117.31985018323977,39.11032354072598,67.06799,1.0,1.0,1.0,外环东路,海航路,,
231991,231991,231991,589,2022-12-13 17:14:24,117.31987315481672,39.11049157937742,66.203995,1.0,1.0,1.0,外环东路,海航路,,
231992,231992,231992,590,2022-12-13 17:14:25,117.31988828163456,39.11066315658345,68.004,1.0,1.0,1.0,外环东路,海航路,,
231993,231993,231993,591,2022-12-13 17:14:26,117.31989610649472,39.11082336098913,63.972,1.0,1.0,1.0,外环东路,外环东路,,
231994,231994,231994,592,2022-12-13 17:14:27,117.31990366039696,39.11098736124798,65.159996,1.0,1.0,1.0,外环东路,外环东路,,
231995,231995,231995,593,2022-12-13 17:14:28,117.31991878901518,39.11114402806442,63.252,1.0,1.0,1.0,外环东路,外环东路,,
231996,231996,231996,594,2022-12-13 17:14:29,117.31993418818924,39.11130015218692,61.596,1.0,1.0,1.0,外环东路,外环东路,,
231997,231997,231997,595,2022-12-13 17:14:30,117.31994931726086,39.1114530236257,62.711998,1.0,1.0,1.0,外环东路,外环东路,,
231998,231998,231998,596,2022-12-13 17:14:31,117.31995714259942,39.11160916153818,63.144,1.0,1.0,1.0,外环东路,外环东路,,
231999,231999,231999,597,2022-12-13 17:14:32,117.3199798450293,39.11176581453169,64.404,1.0,1.0,1.0,外环东路,外环东路,,
232000,232000,232000,598,2022-12-13 17:14:33,117.31998739940568,39.11192574829272,64.404,1.0,1.0,1.0,外环东路,外环东路,,
232001,232001,232001,599,2022-12-13 17:14:34,117.32000279806574,39.11208593885247,64.872,1.0,1.0,1.0,外环东路,外环东路,,
232002,232002,232002,600,2022-12-13 17:14:35,117.32002577005196,39.112250182069474,65.268,1.0,1.0,1.0,外环东路,外环东路,,
232003,232003,232003,601,2022-12-13 17:14:36,117.32004089682384,39.11242175920896,67.5,1.0,1.0,1.0,外环东路,外环东路,,
232004,232004,232004,602,2022-12-13 17:14:37,117.3200333011624,39.112601239575575,67.967995,1.0,1.0,1.0,外环东路,外环东路,,
232005,232005,232005,603,2022-12-13 17:14:38,117.3200332788936,39.11278423040461,70.992,1.0,1.0,1.0,外环东路,外环东路,,
232006,232006,232006,604,2022-12-13 17:14:39,117.3200562504329,39.11295199786971,69.551994,1.0,1.0,1.0,外环东路,外环东路,,
232007,232007,232007,605,2022-12-13 17:14:40,117.32006380197946,39.113134974887885,70.344,1.0,1.0,1.0,外环东路,外环东路,,
232008,232008,232008,606,2022-12-13 17:14:41,117.32009434544844,39.113318181100695,70.884,1.0,1.0,1.0,外环东路,外环东路,,
232009,232009,232009,607,2022-12-13 17:14:42,117.32012488890952,39.11350138730987,72.827995,1.0,1.0,1.0,外环东路,外环东路,,
232010,232010,232010,608,2022-12-13 17:14:43,117.32014758900652,39.113676745982765,70.163994,1.0,1.0,1.0,外环东路,外环东路,,
232011,232011,232011,609,2022-12-13 17:14:44,117.3201629857382,39.11385238905854,71.532,1.0,1.0,1.0,外环东路,外环东路,,
232012,232012,232012,610,2022-12-13 17:14:45,117.32018595631746,39.11402774723275,71.496,1.0,1.0,1.0,外环东路,外环东路,,
232013,232013,232013,611,2022-12-13 17:14:46,117.32020108254532,39.11420339079611,70.163994,1.0,1.0,1.0,外环东路,外环东路,,
232014,232014,232014,612,2022-12-13 17:14:47,117.32020106070163,39.11438258622725,72.215996,1.0,1.0,1.0,外环东路,外环东路,,
232015,232015,232015,613,2022-12-13 17:14:48,117.3202240307694,39.11456201085669,70.92,1.0,1.0,1.0,外环东路,外环东路,,
232016,232016,232016,614,2022-12-13 17:14:49,117.32023158319828,39.11473739711836,69.984,1.0,1.0,1.0,外环东路,外环东路,,
232017,232017,232017,615,2022-12-13 17:14:50,117.3202394061496,39.11491251178853,68.868,1.0,1.0,1.0,外环东路,外环东路,,
232018,232018,232018,616,2022-12-13 17:14:51,117.32026968045076,39.11508433237632,68.148,1.0,1.0,1.0,外环东路,机场路,,
232019,232019,232019,617,2022-12-13 17:14:52,117.3202926523487,39.115248575543376,65.844,1.0,1.0,1.0,外环东路,机场路,,
232020,232020,232020,618,2022-12-13 17:14:53,117.32031562427449,39.11541254761292,64.512,1.0,1.0,1.0,外环东路,机场路,,
232021,232021,232021,619,2022-12-13 17:14:54,117.32033832709148,39.11556513408205,63.036,1.0,1.0,1.0,外环东路,机场路,,
232022,232022,232022,620,2022-12-13 17:14:55,117.3203537261189,39.11572152922393,63.179996,1.0,1.0,1.0,外环东路,机场路,,
232023,232023,232023,621,2022-12-13 17:14:56,117.32037669895692,39.115877910565615,63.684002,1.0,1.0,1.0,外环东路,机场路,,
232024,232024,232024,622,2022-12-13 17:14:57,117.32039182701898,39.11603810156596,63.108,1.0,1.0,1.0,外环东路,机场路,,
232025,232025,232025,623,2022-12-13 17:14:58,117.32040695600416,39.11619070183816,62.46,1.0,1.0,1.0,外环东路,机场路,,
232026,232026,232026,624,2022-12-13 17:14:59,117.32042262550846,39.11634709649021,63.648,1.0,1.0,1.0,外环东路,机场路,,
232027,232027,232027,625,2022-12-13 17:15:00,117.32042260689192,39.11649945326803,61.128,1.0,1.0,1.0,外环东路,机场路,,
232028,232028,232028,626,2022-12-13 17:15:01,117.3204301615556,39.11665613380647,61.632,1.0,1.0,1.0,外环东路,机场路,,
232029,232029,232029,627,2022-12-13 17:15:02,117.32045286437229,39.11680844918599,60.155994,1.0,1.0,1.0,外环东路,机场路,,
232030,232030,232030,628,2022-12-13 17:15:03,117.32046042088474,39.11694994826903,58.608,1.0,1.0,1.0,外环东路,机场路,,
232031,232031,232031,629,2022-12-13 17:15:04,117.3204679765323,39.11709849588842,58.86,1.0,1.0,1.0,外环东路,机场路,,
232032,232032,232032,630,2022-12-13 17:15:05,117.32047553307186,39.11723972387775,56.052,1.0,1.0,1.0,外环东路,机场路,,
232033,232033,232033,631,2022-12-13 17:15:06,117.32049120394308,39.11738473244782,57.06,1.0,1.0,1.0,外环东路,机场路,,
232034,232034,232034,632,2022-12-13 17:15:07,117.32050633478607,39.11752188017871,55.692,1.0,1.0,1.0,外环东路,机场路,,
232035,232035,232035,633,2022-12-13 17:15:08,117.3205214655927,39.11765929900943,57.275997,1.0,1.0,1.0,外环东路,机场路,,
232036,232036,232036,634,2022-12-13 17:15:09,117.3205365954672,39.1178043085728,59.688,1.0,1.0,1.0,外环东路,机场路,,
232037,232037,232037,635,2022-12-13 17:15:10,117.32054469208173,39.117952855220985,60.155994,1.0,1.0,1.0,外环东路,机场路,,
232038,232038,232038,636,2022-12-13 17:15:11,117.32055224763998,39.11810194505313,61.991997,1.0,1.0,1.0,外环东路,机场路,,
232039,232039,232039,637,2022-12-13 17:15:12,117.32056737614316,39.11825806962427,62.208,1.0,1.0,1.0,外环东路,机场路,,
232040,232040,232040,638,2022-12-13 17:15:13,117.32056735648852,39.11841855935985,63.612,1.0,1.0,1.0,外环东路,机场路,,
232041,232041,232041,639,2022-12-13 17:15:14,117.32057491117271,39.11857469773924,63.288,1.0,1.0,1.0,外环东路,机场路,,
232042,232042,232042,640,2022-12-13 17:15:15,117.32058246535487,39.118734902586205,64.152,1.0,1.0,1.0,外环东路,机场路,,
232043,232043,232043,641,2022-12-13 17:15:16,117.32059001810444,39.11890676463288,64.69199,1.0,1.0,1.0,外环东路,机场路,,
232044,232044,232044,642,2022-12-13 17:15:17,117.32059026803005,39.11907457352945,67.284,1.0,1.0,1.0,外环东路,机场路,,
232045,232045,232045,643,2022-12-13 17:15:18,117.3205978217344,39.1192385737584,64.512,1.0,1.0,1.0,外环东路,外环东路,,
232046,232046,232046,644,2022-12-13 17:15:19,117.32059022641596,39.119413987693,68.76,1.0,1.0,1.0,外环东路,外环东路,,
232047,232047,232047,645,2022-12-13 17:15:20,117.320582631558,39.11958560626894,68.616,1.0,1.0,1.0,外环东路,外环东路,,
232048,232048,232048,646,2022-12-13 17:15:21,117.32057503619616,39.11976129131676,68.472,1.0,1.0,1.0,外环东路,外环东路,,
232049,232049,232049,647,2022-12-13 17:15:22,117.32058258988248,39.11992529157196,67.32,1.0,1.0,1.0,外环东路,外环东路,,
232050,232050,232050,648,2022-12-13 17:15:23,117.32057499504296,39.12009663907335,68.868,1.0,1.0,1.0,外环东路,外环东路,,
232051,232051,232051,649,2022-12-13 17:15:24,117.32056739966568,39.12027232414552,68.112,1.0,1.0,1.0,外环东路,外环东路,,
232052,232052,232052,650,2022-12-13 17:15:25,117.32055223050423,39.1204477519317,68.832,1.0,1.0,1.0,外环东路,外环东路,,
232053,232053,232053,651,2022-12-13 17:15:26,117.32053679037718,39.12062697558851,68.832,1.0,1.0,1.0,外环东路,外环东路,,
232054,232054,232054,652,2022-12-13 17:15:27,117.3205291963814,39.120791274586914,67.212,1.0,1.0,1.0,外环东路,外环东路,,
232055,232055,232055,653,2022-12-13 17:15:28,117.32050645385556,39.1209629208398,66.888,1.0,1.0,1.0,外环东路,外环东路,,
232056,232056,232056,654,2022-12-13 17:15:29,117.32049885898216,39.12113426839768,68.616,1.0,1.0,1.0,外环东路,外环东路,,
232057,232057,232057,655,2022-12-13 17:15:30,117.32048342019644,39.121302377090544,67.715996,1.0,1.0,1.0,外环东路,外环东路,,
232058,232058,232058,656,2022-12-13 17:15:31,117.32046040715744,39.12147402387031,67.032,1.0,1.0,1.0,外环东路,外环东路,,
232059,232059,232059,657,2022-12-13 17:15:32,117.3204376650713,39.12164187480077,65.628,1.0,1.0,1.0,外环东路,外环东路,,
232060,232060,232060,658,2022-12-13 17:15:33,117.32043007157422,39.12180183629458,66.096,1.0,1.0,1.0,外环东路,外环东路,,
232061,232061,232061,659,2022-12-13 17:15:34,117.32041463369696,39.12196235429356,65.91599,1.0,1.0,1.0,外环东路,外环东路,,
232062,232062,232062,660,2022-12-13 17:15:35,117.3204070382856,39.12213776838279,67.392,1.0,1.0,1.0,外环东路,外环东路,,
232063,232063,232063,661,2022-12-13 17:15:36,117.32038429570451,39.12230941472978,69.372,1.0,1.0,1.0,外环东路,外环东路,,
232064,232064,232064,662,2022-12-13 17:15:37,117.32035370837174,39.12248459966433,71.784,1.0,1.0,1.0,外环东路,外环东路,,
232065,232065,232065,663,2022-12-13 17:15:38,117.32033096577356,39.12265624603992,70.272,1.0,1.0,1.0,外环东路,外环东路,,
232066,232066,232066,664,2022-12-13 17:15:39,117.32030795217196,39.12283195939139,70.128,1.0,1.0,1.0,外环东路,外环东路,,
232067,232067,232067,665,2022-12-13 17:15:40,117.32026979142786,39.1230036339108,71.28,1.0,1.0,1.0,外环东路,外环东路,,
232068,232068,232068,666,2022-12-13 17:15:41,117.32023947357906,39.12318668025651,73.116,1.0,1.0,1.0,外环东路,外环东路,,
232069,232069,232069,667,2022-12-13 17:15:42,117.32019346615655,39.123377345975626,71.315994,1.0,1.0,1.0,外环东路,外环东路,,
232070,232070,232070,668,2022-12-13 17:15:43,117.3201553039694,39.123560406667856,73.079994,1.0,1.0,1.0,外环东路,南新东街二排,,
232071,232071,232071,669,2022-12-13 17:15:44,117.32010956841673,39.12373968582392,72.72,1.0,1.0,1.0,外环东路,外环东路,,
232072,232072,232072,670,2022-12-13 17:15:45,117.3200792509524,39.12391920797489,70.848,1.0,1.0,1.0,外环东路,外环东路,,
232073,232073,232073,671,2022-12-13 17:15:46,117.32004839299152,39.12409466466083,70.812,1.0,1.0,1.0,外环东路,外环东路,,
232074,232074,232074,672,2022-12-13 17:15:47,117.32001050218254,39.12427013419625,71.315994,1.0,1.0,1.0,外环东路,外环东路,,
232075,232075,232075,673,2022-12-13 17:15:48,117.31997234086586,39.1244456042458,71.784,1.0,1.0,1.0,外环东路,外环东路,,
232076,232076,232076,674,2022-12-13 17:15:49,117.31992633474572,39.124624884003744,71.46,1.0,1.0,1.0,外环东路,外环东路,,
232077,232077,232077,675,2022-12-13 17:15:50,117.3198884439262,39.12480008250519,71.028,1.0,1.0,1.0,外环东路,外环东路,,
232078,232078,232078,676,2022-12-13 17:15:51,117.3198351349091,39.12497558026477,70.992,1.0,1.0,1.0,外环东路,外环东路,,
232079,232079,232079,677,2022-12-13 17:15:52,117.31978912967767,39.12514726934601,70.488,1.0,1.0,1.0,外环东路,外环东路,,
232080,232080,232080,678,2022-12-13 17:15:53,117.31975123877577,39.12532273901361,70.776,1.0,1.0,1.0,外环东路,外环东路,,
232081,232081,232081,679,2022-12-13 17:15:54,117.31969766062063,39.12548685121684,69.768,1.0,1.0,1.0,外环东路,外环东路,,
232082,232082,232082,680,2022-12-13 17:15:55,117.31964435250178,39.12565448722944,69.12,1.0,1.0,1.0,外环东路,外环东路,,
232083,232083,232083,681,2022-12-13 17:15:56,117.3195907743058,39.1258185994844,69.732,1.0,1.0,1.0,外环东路,外环东路,,
232084,232084,232084,682,2022-12-13 17:15:57,117.3195223179673,39.12599032968683,71.028,1.0,1.0,1.0,外环东路,外环东路,,
232085,232085,232085,683,2022-12-13 17:15:58,117.31945359063307,39.126165855794895,69.264,1.0,1.0,1.0,外环东路,外环东路,,
232086,232086,232086,684,2022-12-13 17:15:59,117.3194078567325,39.1263296827098,69.984,1.0,1.0,1.0,外环东路,外环东路,,
232087,232087,232087,685,2022-12-13 17:16:00,117.31935427844336,39.12649379507704,69.516,1.0,1.0,1.0,外环东路,外环东路,,
232088,232088,232088,686,2022-12-13 17:16:01,117.31927824815052,39.12666553924701,67.355995,1.0,1.0,1.0,外环东路,外环东路,,
232089,232089,232089,687,2022-12-13 17:16:02,117.31921709549074,39.12683346089256,67.392,1.0,1.0,1.0,外环东路,外环东路,,
232090,232090,232090,688,2022-12-13 17:16:03,117.3191562152248,39.12698592946112,65.772,1.0,1.0,1.0,外环东路,外环东路,,
232091,232091,232091,689,2022-12-13 17:16:04,117.31910263541046,39.12716142808448,68.508,1.0,1.0,1.0,外环东路,外环东路,,
232092,232092,232092,690,2022-12-13 17:16:05,117.3190339097632,39.12732177290915,66.672,1.0,1.0,1.0,外环东路,外环东路,,
232093,232093,232093,691,2022-12-13 17:16:06,117.31898060326677,39.1274742277214,64.548,1.0,1.0,1.0,外环东路,外环东路,,
232094,232094,232094,692,2022-12-13 17:16:07,117.31891945283668,39.12762317262087,64.26,1.0,1.0,1.0,外环东路,外环东路,,
232095,232095,232095,693,2022-12-13 17:16:08,117.31885857148237,39.127783232099134,63.827995,1.0,1.0,1.0,外环东路,外环东路,,
232096,232096,232096,694,2022-12-13 17:16:09,117.31881256871335,39.12793214935461,60.336,1.0,1.0,1.0,外环东路,海航路,,
232097,232097,232097,695,2022-12-13 17:16:10,117.31876683740292,39.12807320427653,58.211998,1.0,1.0,1.0,外环东路,外环东路,,
232098,232098,232098,696,2022-12-13 17:16:11,117.3187138027042,39.12821427257997,59.327995,1.0,1.0,1.0,外环东路,外环东路,,
232099,232099,232099,697,2022-12-13 17:16:12,117.3186602269567,39.12835561299669,58.463997,1.0,1.0,1.0,外环东路,外环东路,,
232100,232100,232100,698,2022-12-13 17:16:13,117.31861449510431,39.12850046337008,60.839996,1.0,1.0,1.0,外环东路,外环东路,,
232101,232101,232101,699,2022-12-13 17:16:14,117.3185609183892,39.12864912350376,58.896,1.0,1.0,1.0,外环东路,外环东路,,
232102,232102,232102,700,2022-12-13 17:16:15,117.31850003970138,39.12878641087981,58.103996,1.0,1.0,1.0,外环东路,外环东路,,
232103,232103,232103,701,2022-12-13 17:16:16,117.31845403918996,39.1289160802859,56.519997,1.0,1.0,1.0,外环东路,外环东路,,
232104,232104,232104,702,2022-12-13 17:16:17,117.31840857869427,39.12905333949087,53.207996,1.0,1.0,1.0,外环东路,外环东路,,
232105,232105,232105,703,2022-12-13 17:16:18,117.31836257957372,39.129171622785016,48.635998,1.0,1.0,1.0,外环东路,外环东路,,
232106,232106,232106,704,2022-12-13 17:16:19,117.31831685140698,39.12928611021778,46.836,1.0,1.0,1.0,外环东路,外环东路,,
232107,232107,232107,705,2022-12-13 17:16:20,117.31827869805858,39.12939299303011,45.0,1.0,1.0,1.0,外环东路,外环东路,,
232108,232108,232108,706,2022-12-13 17:16:21,117.31823297132466,39.12949582324161,41.688,1.0,1.0,1.0,外环东路,外环东路,,
232109,232109,232109,707,2022-12-13 17:16:22,117.31819481938057,39.12959131992624,41.651997,1.0,1.0,1.0,外环东路,外环东路,,
232110,232110,232110,708,2022-12-13 17:16:23,117.31816451231788,39.12968273577148,38.483997,1.0,1.0,1.0,外环东路,外环东路,,
232111,232111,232111,709,2022-12-13 17:16:24,117.31813366565548,39.12976303755782,37.548,1.0,1.0,1.0,外环东路,外环东路,,
232112,232112,232112,710,2022-12-13 17:16:25,117.31808794077683,39.12985068627897,39.636,1.0,1.0,1.0,外环东路,外环东路,,
232113,232113,232113,711,2022-12-13 17:16:26,117.3180576326883,39.129949964028064,39.672,1.0,1.0,1.0,外环东路,外环东路,,
232114,232114,232114,712,2022-12-13 17:16:27,117.31802678363044,39.130048971680495,42.948,1.0,1.0,1.0,外环东路,外环东路,,
232115,232115,232115,713,2022-12-13 17:16:28,117.3179889016248,39.13014826332928,44.135998,1.0,1.0,1.0,外环东路,外环东路,,
232116,232116,232116,714,2022-12-13 17:16:29,117.317965894021,39.13027030005704,47.376,1.0,1.0,1.0,外环东路,外环东路,,
232117,232117,232117,715,2022-12-13 17:16:30,117.31792801006746,39.13038477328442,51.156,1.0,1.0,1.0,外环东路,外环东路,,
232118,232118,232118,716,2022-12-13 17:16:31,117.31788958510424,39.13049924751941,52.38,1.0,1.0,1.0,外环东路,外环东路,,
232119,232119,232119,717,2022-12-13 17:16:32,117.31785142869768,39.13062890282997,55.008,1.0,1.0,1.0,外环东路,外环东路,,
232120,232120,232120,718,2022-12-13 17:16:33,117.31780596838348,39.13076236693614,54.936,1.0,1.0,1.0,外环东路,外环东路,,
232121,232121,232121,719,2022-12-13 17:16:34,117.31775996705169,39.13089583205682,55.151997,1.0,1.0,1.0,外环东路,外环东路,,
232122,232122,232122,720,2022-12-13 17:16:35,117.3177218091031,39.13103714469788,56.808,1.0,1.0,1.0,外环东路,外环东路,,
232123,232123,232123,721,2022-12-13 17:16:36,117.31766823284836,39.131178214532405,56.304,1.0,1.0,1.0,外环东路,外环东路,,
232124,232124,232124,722,2022-12-13 17:16:37,117.3176151990021,39.13130789723064,56.412,1.0,1.0,1.0,外环东路,外环东路,,
232125,232125,232125,723,2022-12-13 17:16:38,117.31756919563644,39.13145654401183,58.644,1.0,1.0,1.0,外环东路,外环东路,,
232126,232126,232126,724,2022-12-13 17:16:39,117.31751588975128,39.131597884532376,61.02,1.0,1.0,1.0,外环东路,外环东路,,
232127,232127,232127,725,2022-12-13 17:16:40,117.31746258338484,39.13174274937422,59.724,1.0,1.0,1.0,外环东路,外环东路,,
232128,232128,232128,726,2022-12-13 17:16:41,117.31743957461757,39.13187237709271,57.492,1.0,1.0,1.0,外环东路,外环东路,,
232129,232129,232129,727,2022-12-13 17:16:42,117.31738626912984,39.132009922298415,56.808,1.0,1.0,1.0,外环东路,外环东路,,
232130,232130,232130,728,2022-12-13 17:16:43,117.31733269266238,39.13215099232244,57.708,1.0,1.0,1.0,外环东路,外环东路,,
232131,232131,232131,729,2022-12-13 17:16:44,117.3173099514324,39.13230339196424,57.348,1.0,1.0,1.0,外环东路,外环东路,,
232132,232132,232132,730,2022-12-13 17:16:45,117.31725664537116,39.13244473264381,55.907997,1.0,1.0,1.0,外环东路,外环东路,,
232133,232133,232133,731,2022-12-13 17:16:46,117.3172106432352,39.1325819934519,56.772,1.0,1.0,1.0,外环东路,外环东路,,
232134,232134,232134,732,2022-12-13 17:16:47,117.31716491156892,39.13271925378864,55.511997,1.0,1.0,1.0,外环东路,外环东路,,
232135,232135,232135,733,2022-12-13 17:16:48,117.31713459777188,39.13286028123831,54.899998,1.0,1.0,1.0,外环东路,外环东路,,
232136,232136,232136,734,2022-12-13 17:16:49,117.31708859649336,39.132990222427175,56.772,1.0,1.0,1.0,外环东路,外环东路,,
232137,232137,232137,735,2022-12-13 17:16:50,117.31703529177216,39.13311990595208,54.864,1.0,1.0,1.0,外环东路,外环东路,,
232138,232138,232138,736,2022-12-13 17:16:51,117.3169971339462,39.13325715247735,56.376,1.0,1.0,1.0,外环东路,外环东路,,
232139,232139,232139,737,2022-12-13 17:16:52,117.3169589775572,39.13338301283328,53.172,1.0,1.0,1.0,外环东路,外环东路,,
232140,232140,232140,738,2022-12-13 17:16:53,117.31691324670324,39.13351268252005,53.927998,1.0,1.0,1.0,外环东路,外环东路,,
232141,232141,232141,739,2022-12-13 17:16:54,117.31685209642922,39.13364997135373,54.323997,1.0,1.0,1.0,外环东路,外环东路,,
232142,232142,232142,740,2022-12-13 17:16:55,117.31679879151476,39.13377992610928,52.308,1.0,1.0,1.0,外环东路,外环东路,,
232143,232143,232143,741,2022-12-13 17:16:56,117.3167606335555,39.133917172754046,53.424,1.0,1.0,1.0,外环东路,外环东路,,
232144,232144,232144,742,2022-12-13 17:16:57,117.31671490355764,39.13403925174332,53.927998,1.0,1.0,1.0,外环东路,外环东路,,
232145,232145,232145,743,2022-12-13 17:16:58,117.31666159760512,39.134176526276576,57.06,1.0,1.0,1.0,外环东路,外环东路,,
232146,232146,232146,744,2022-12-13 17:16:59,117.31661559558084,39.13430999201306,56.376,1.0,1.0,1.0,外环东路,外环东路,,
232147,232147,232147,745,2022-12-13 17:17:00,117.31656986402544,39.13444345727776,56.16,1.0,1.0,1.0,外环东路,外环东路,,
232148,232148,232148,746,2022-12-13 17:17:01,117.31652413142513,39.13458478447084,56.519997,1.0,1.0,1.0,外环东路,外环东路,,
232149,232149,232149,747,2022-12-13 17:17:02,117.31649354679548,39.13472581273619,55.295998,1.0,1.0,1.0,外环东路,外环东路,,
232150,232150,232150,748,2022-12-13 17:17:03,117.31645565963956,39.13485926365015,55.763996,1.0,1.0,1.0,外环东路,外环东路,,
232151,232151,232151,749,2022-12-13 17:17:04,117.31640208197368,39.13500440075092,57.744003,1.0,1.0,1.0,外环东路,外环东路,,
232152,232152,232152,750,2022-12-13 17:17:05,117.31636392278833,39.13514923842212,56.016,1.0,1.0,1.0,外环东路,外环东路,,
232153,232153,232153,751,2022-12-13 17:17:06,117.31631034705092,39.1352789228683,57.779995,1.0,1.0,1.0,外环东路,外环东路,,
232154,232154,232154,752,2022-12-13 17:17:07,117.31625703928094,39.13542785496712,59.508,1.0,1.0,1.0,外环东路,外环东路,,
232155,232155,232155,753,2022-12-13 17:17:08,117.31621157748516,39.135565115349685,57.06,1.0,1.0,1.0,外环东路,外环东路,,
232156,232156,232156,754,2022-12-13 17:17:09,117.31615042467236,39.13571758625395,58.32,1.0,1.0,1.0,外环东路,外环东路,,
232157,232157,232157,755,2022-12-13 17:17:10,117.31608954375317,39.13585894158196,58.967995,1.0,1.0,1.0,外环东路,外环东路,,
232158,232158,232158,756,2022-12-13 17:17:11,117.3160283908746,39.13601114146185,58.103996,1.0,1.0,1.0,外环东路,外环东路,,
232159,232159,232159,757,2022-12-13 17:17:12,117.3159902324436,39.13614838851999,57.06,1.0,1.0,1.0,外环东路,外环东路,,
232160,232160,232160,758,2022-12-13 17:17:13,117.3159366549112,39.13628973050132,59.075996,1.0,1.0,1.0,外环东路,外环东路,,
232161,232161,232161,759,2022-12-13 17:17:14,117.31589092189964,39.13643078696765,58.536,1.0,1.0,1.0,外环东路,外环东路,,
232162,232162,232162,760,2022-12-13 17:17:15,117.3158451888538,39.13657184346251,59.22,1.0,1.0,1.0,外环东路,外环东路,,
232163,232163,232163,761,2022-12-13 17:17:16,117.3158146048293,39.13670528126582,59.867996,1.0,1.0,1.0,外环东路,外环东路,,
232164,232164,232164,762,2022-12-13 17:17:17,117.31576129566828,39.13686180450468,60.191998,1.0,1.0,1.0,外环东路,外环东路,,
232165,232165,232165,763,2022-12-13 17:17:18,117.31570771748406,39.13700667094777,59.255997,1.0,1.0,1.0,外环东路,外环东路,,
232166,232166,232166,764,2022-12-13 17:17:19,117.31565441121175,39.13714042179512,58.032,1.0,1.0,1.0,外环东路,外环东路,,
232167,232167,232167,765,2022-12-13 17:17:20,117.31560110394008,39.13728149239399,57.672,1.0,1.0,1.0,外环东路,外环东路,,
232168,232168,232168,766,2022-12-13 17:17:21,117.31555537067744,39.137422549065136,58.248,1.0,1.0,1.0,外环东路,外环东路,,
232169,232169,232169,767,2022-12-13 17:17:22,117.31549421926302,39.13755983877552,56.663998,1.0,1.0,1.0,外环东路,外环东路,,
232170,232170,232170,768,2022-12-13 17:17:23,117.3154484873806,39.13768978037072,55.656,1.0,1.0,1.0,外环东路,外环东路,,
232171,232171,232171,769,2022-12-13 17:17:24,117.31539490993715,39.1378270561813,56.052,1.0,1.0,1.0,外环东路,外环东路,,
232172,232172,232172,770,2022-12-13 17:17:25,117.31534160395022,39.13795674069775,54.468,1.0,1.0,1.0,外环东路,外环东路,,
232173,232173,232173,771,2022-12-13 17:17:26,117.31529614249632,39.138086410775735,56.483997,1.0,1.0,1.0,外环东路,外环东路,,
232174,232174,232174,772,2022-12-13 17:17:27,117.31523499035228,39.13822749606289,57.779995,1.0,1.0,1.0,外环东路,外环东路,,
232175,232175,232175,773,2022-12-13 17:17:28,117.31516599253408,39.13837645779059,59.22,1.0,1.0,1.0,外环东路,外环东路,,
232176,232176,232176,774,2022-12-13 17:17:29,117.31512052995554,39.1385137187901,57.384,1.0,1.0,1.0,外环东路,外环东路,,
232177,232177,232177,775,2022-12-13 17:17:30,117.31508237242927,39.13863958009215,52.704,1.0,1.0,1.0,外环东路,外环东路,,
232178,232178,232178,776,2022-12-13 17:17:31,117.31506720915696,39.13875401273565,51.444,1.0,1.0,1.0,外环东路,外环东路,,
232179,232179,232179,777,2022-12-13 17:17:32,117.31503635567918,39.13887606518119,47.592,1.0,1.0,1.0,外环东路,外环东路,,
232180,232180,232180,778,2022-12-13 17:17:33,117.31499089499374,39.13899814460631,48.635998,1.0,1.0,1.0,外环东路,外环东路,,
232181,232181,232181,779,2022-12-13 17:17:34,117.31495273937747,39.13910882432047,48.024,1.0,1.0,1.0,外环东路,外环东路,,
232182,232182,232182,780,2022-12-13 17:17:35,117.31490673812436,39.139227109371966,48.6,1.0,1.0,1.0,外环东路,外环东路,,
232183,232183,232183,781,2022-12-13 17:17:36,117.31486100734162,39.13934539394775,49.392,1.0,1.0,1.0,外环东路,外环东路,,
232184,232184,232184,782,2022-12-13 17:17:37,117.31481527602278,39.13946747396638,49.392,1.0,1.0,1.0,外环东路,外环东路,,
232185,232185,232185,783,2022-12-13 17:17:38,117.3147771192886,39.13958574460267,49.392,1.0,1.0,1.0,外环东路,外环东路,,
232186,232186,232186,784,2022-12-13 17:17:39,117.31473138840892,39.13970402924831,48.924,1.0,1.0,1.0,外环东路,外环东路,,
232187,232187,232187,785,2022-12-13 17:17:40,117.31472379860976,39.13982224346995,48.6,1.0,1.0,1.0,外环东路,外环东路,,
232188,232188,232188,786,2022-12-13 17:17:41,117.3146626514832,39.13992130842996,46.692,1.0,1.0,1.0,外环东路,外环东路,,
232189,232189,232189,787,2022-12-13 17:17:42,117.31460934840274,39.140024425447066,47.556,1.0,1.0,1.0,外环东路,外环东路,,
232190,232190,232190,788,2022-12-13 17:17:43,117.3145863418154,39.14012748651092,44.064,1.0,1.0,1.0,外环东路,外环东路,,
232191,232191,232191,789,2022-12-13 17:17:44,117.3145406128453,39.14023031847114,45.143997,1.0,1.0,1.0,外环东路,外环东路,,
232192,232192,232192,790,2022-12-13 17:17:45,117.3144794615216,39.14035974690382,46.044,1.0,1.0,1.0,外环东路,外环东路,,
232193,232193,232193,791,2022-12-13 17:17:46,117.31443373092549,39.140474236281335,48.168,1.0,1.0,1.0,外环东路,外环东路,,
232194,232194,232194,792,2022-12-13 17:17:47,117.3143958449497,39.140588711181245,49.031998,1.0,1.0,1.0,外环东路,外环东路,,
232195,232195,232195,793,2022-12-13 17:17:48,117.31435741793686,39.14070318710117,50.94,1.0,1.0,1.0,外环东路,外环东路,,
232196,232196,232196,794,2022-12-13 17:17:49,117.3143271045446,39.14082903431143,54.036,1.0,1.0,1.0,外环东路,外环东路,,
232197,232197,232197,795,2022-12-13 17:17:50,117.3142813723078,39.14095491005012,52.812,1.0,1.0,1.0,外环东路,外环东路,,
232198,232198,232198,796,2022-12-13 17:17:51,117.31424294369204,39.14108077230908,52.38,1.0,1.0,1.0,外环东路,外环东路,,
232199,232199,232199,797,2022-12-13 17:17:52,117.31418963823434,39.14119907125308,51.767998,1.0,1.0,1.0,外环东路,外环东路,,
232200,232200,232200,798,2022-12-13 17:17:53,117.31413633070174,39.14133255192975,56.376,1.0,1.0,1.0,外环东路,外环入口,,
232201,232201,232201,799,2022-12-13 17:17:54,117.3140905978072,39.14146222319976,56.699997,1.0,1.0,1.0,外环东路,外环东路,,
232202,232202,232202,800,2022-12-13 17:17:55,117.31403729120278,39.14158811308149,56.304,1.0,1.0,1.0,外环东路,外环东路,,
232203,232203,232203,801,2022-12-13 17:17:56,117.3139837119743,39.14172945630643,58.788,1.0,1.0,1.0,外环东路,外环东路,,
232204,232204,232204,802,2022-12-13 17:17:57,117.31393040273052,39.14187432339073,63.432003,1.0,1.0,1.0,外环东路,外环东路,,
232205,232205,232205,803,2022-12-13 17:17:58,117.31386924767772,39.142027066988426,63.215996,1.0,1.0,1.0,外环东路,外环东路,,
232206,232206,232206,804,2022-12-13 17:17:59,117.31380051890584,39.14217575811549,61.488,1.0,1.0,1.0,外环东路,外环东路,,
232207,232207,232207,805,2022-12-13 17:18:00,117.31373963528704,39.14232063933258,58.572,1.0,1.0,1.0,外环东路,外环东路,,
232208,232208,232208,806,2022-12-13 17:18:01,117.31367848004116,39.14247338305255,57.708,1.0,1.0,1.0,外环东路,外环东路,,
232209,232209,232209,807,2022-12-13 17:18:02,117.31364032100188,39.14260304054248,54.143997,1.0,1.0,1.0,外环东路,外环东路,,
232210,232210,232210,808,2022-12-13 17:18:03,117.3136024324406,39.14273269755532,55.836,1.0,1.0,1.0,外环东路,外环东路,,
232211,232211,232211,809,2022-12-13 17:18:04,117.31354885386834,39.1428661790838,52.272,1.0,1.0,1.0,外环东路,外环东路,,
232212,232212,232212,810,2022-12-13 17:18:05,117.31349554780446,39.14298447841063,47.087997,1.0,1.0,1.0,外环东路,外环东路,,
232213,232213,232213,811,2022-12-13 17:18:06,117.31345712119716,39.14309136390103,41.364,1.0,1.0,1.0,外环东路,外环东路,,
232214,232214,232214,812,2022-12-13 17:18:07,117.3134268118706,39.143183052639465,37.008,1.0,1.0,1.0,外环东路,外环东路,,
232215,232215,232215,813,2022-12-13 17:18:08,117.31339623359337,39.1432630844874,34.272,1.0,1.0,1.0,外环东路,外环东路,,
232216,232216,232216,814,2022-12-13 17:18:09,117.313373500053,39.14334310180995,33.372,1.0,1.0,1.0,外环东路,外环东路,,
232217,232217,232217,815,2022-12-13 17:18:10,117.31335076906828,39.1434041419685,28.223999,1.0,1.0,1.0,外环东路,外环东路,,
232218,232218,232218,816,2022-12-13 17:18:11,117.3133350728454,39.14345378279535,22.752,1.0,1.0,1.0,外环东路,外环东路,,
232219,232219,232219,817,2022-12-13 17:18:12,117.31331991917608,39.14349203631846,16.919998,1.0,1.0,1.0,外环东路,外环东路,,
232220,232220,232220,818,2022-12-13 17:18:13,117.31331234235827,39.143511027529726,10.799999,1.0,1.0,1.0,外环东路,外环东路,,
232221,232221,232221,819,2022-12-13 17:18:14,117.31331234081752,39.143522413834695,5.364,1.0,1.0,1.0,外环东路,外环东路,,
232222,232222,232222,820,2022-12-13 17:18:15,117.31331234081752,39.143522413834695,0.86399996,1.0,1.0,1.0,外环东路,外环东路,,
232223,232223,232223,821,2022-12-13 17:18:16,117.31331234081752,39.143522413834695,0.0,1.0,1.0,1.0,外环东路,外环东路,,
232224,232224,232224,822,2022-12-13 17:18:17,117.31330476656672,39.143522427871545,0.0,1.0,1.0,1.0,外环东路,外环东路,,
232225,232225,232225,823,2022-12-13 17:18:18,117.31330476656672,39.143522427871545,0.0,1.0,1.0,1.0,外环东路,外环东路,,
232226,232226,232226,824,2022-12-13 17:18:19,117.31330476656672,39.143522427871545,0.0,1.0,1.0,1.0,外环东路,外环东路,,
232227,232227,232227,825,2022-12-13 17:18:20,117.31330476708035,39.14351863243654,0.0,1.0,1.0,1.0,外环东路,外环东路,,
232228,232228,232228,826,2022-12-13 17:18:21,117.31330476708035,39.14351863243654,0.0,1.0,1.0,1.0,外环东路,外环东路,,
232229,232229,232229,827,2022-12-13 17:18:22,117.31330476656672,39.143522427871545,0.0,1.0,1.0,1.0,外环东路,外环东路,,
232230,232230,232230,828,2022-12-13 17:18:23,117.31330476656672,39.143522427871545,0.0,1.0,1.0,1.0,外环东路,外环东路,,
232231,232231,232231,829,2022-12-13 17:18:24,117.31330476656672,39.143522427871545,0.0,1.0,1.0,1.0,外环东路,外环东路,,
232232,232232,232232,830,2022-12-13 17:18:25,117.31330476656672,39.143522427871545,0.0,1.0,1.0,1.0,外环东路,外环东路,,
232233,232233,232233,831,2022-12-13 17:18:26,117.31330476656672,39.143522427871545,0.0,1.0,1.0,1.0,外环东路,外环东路,,
232234,232234,232234,832,2022-12-13 17:18:27,117.31330476656672,39.143522427871545,0.0,1.0,1.0,1.0,外环东路,外环东路,,
232235,232235,232235,833,2022-12-13 17:18:28,117.31330476656672,39.143522427871545,0.0,1.0,1.0,1.0,外环东路,外环东路,,
232236,232236,232236,834,2022-12-13 17:18:29,117.31330476656672,39.143522427871545,0.0,1.0,1.0,1.0,外环东路,外环东路,,
232237,232237,232237,835,2022-12-13 17:18:30,117.31330476656672,39.143522427871545,0.0,1.0,1.0,1.0,外环东路,外环东路,,
